trial_id,measurement_noise,outcome,distance_from_separatrix,earliest_stable_fraction,confidence_margin
0,0.0,1,0.12206737842680543,0.1,0.15
0,0.02,1,0.12206737842680543,0.05,0.15
0,0.05,1,0.12206737842680543,0.1,0.15
0,0.1,1,0.12206737842680543,0.1,0.15
0,0.15,1,0.12206737842680543,0.05,0.15
1,0.0,0,0.18896146312677603,0.05,0.15
1,0.02,0,0.18896146312677603,0.05,0.15
1,0.05,0,0.18896146312677603,0.05,0.15
1,0.1,0,0.18896146312677603,0.05,0.15
1,0.15,0,0.18896146312677603,0.05,0.15
2,0.0,0,0.08398325382729685,0.3,0.15
2,0.02,0,0.08398325382729685,0.3,0.15
2,0.05,0,0.08398325382729685,0.3,0.15
2,0.1,0,0.08398325382729685,0.2,0.15
2,0.15,0,0.08398325382729685,0.1,0.15
3,0.0,0,0.06164107797398903,0.2,0.15
3,0.02,0,0.06164107797398903,0.3,0.15
3,0.05,0,0.06164107797398903,0.2,0.15
3,0.1,0,0.06164107797398903,0.2,0.15
3,0.15,0,0.06164107797398903,0.2,0.15
4,0.0,1,0.012034780618329556,0.5,0.15
4,0.02,1,0.012034780618329556,0.5,0.15
4,0.05,1,0.012034780618329556,0.5,0.15
4,0.1,1,0.012034780618329556,0.5,0.15
4,0.15,1,0.012034780618329556,0.5,0.15
5,0.0,0,0.0326091399733551,0.15,0.15
5,0.02,0,0.0326091399733551,0.15,0.15
5,0.05,0,0.0326091399733551,0.2,0.15
5,0.1,0,0.0326091399733551,0.05,0.15
5,0.15,0,0.0326091399733551,0.1,0.15
6,0.0,1,0.042696308532273346,0.05,0.15
6,0.02,1,0.042696308532273346,0.05,0.15
6,0.05,1,0.042696308532273346,0.15,0.15
6,0.1,1,0.042696308532273346,0.05,0.15
6,0.15,1,0.042696308532273346,0.1,0.15
7,0.0,0,0.008561509649843667,0.3,0.15
7,0.02,0,0.008561509649843667,0.3,0.15
7,0.05,0,0.008561509649843667,0.3,0.15
7,0.1,0,0.008561509649843667,0.3,0.15
7,0.15,0,0.008561509649843667,0.3,0.15
8,0.0,0,0.008227834446585898,0.5,0.15
8,0.02,0,0.008227834446585898,0.5,0.15
8,0.05,0,0.008227834446585898,0.5,0.15
8,0.1,0,0.008227834446585898,0.5,0.15
8,0.15,0,0.008227834446585898,0.5,0.15
9,0.0,1,0.11744143594076804,0.05,0.15
9,0.02,1,0.11744143594076804,0.05,0.15
9,0.05,1,0.11744143594076804,0.05,0.15
9,0.1,1,0.11744143594076804,0.05,0.15
9,0.15,1,0.11744143594076804,0.05,0.15
10,0.0,0,0.11409408025521343,0.05,0.15
10,0.02,0,0.11409408025521343,0.05,0.15
10,0.05,0,0.11409408025521343,0.05,0.15
10,0.1,0,0.11409408025521343,0.05,0.15
10,0.15,0,0.11409408025521343,0.05,0.15
11,0.0,1,0.058181135314279875,0.5,0.15
11,0.02,1,0.058181135314279875,0.5,0.15
11,0.05,1,0.058181135314279875,0.5,0.15
11,0.1,1,0.058181135314279875,0.5,0.15
11,0.15,1,0.058181135314279875,,0.15
12,0.0,0,0.05624969098260431,0.5,0.15
12,0.02,0,0.05624969098260431,0.5,0.15
12,0.05,0,0.05624969098260431,0.5,0.15
12,0.1,0,0.05624969098260431,0.5,0.15
12,0.15,0,0.05624969098260431,0.5,0.15
13,0.0,1,0.09509953089623584,0.05,0.15
13,0.02,1,0.09509953089623584,0.05,0.15
13,0.05,1,0.09509953089623584,0.05,0.15
13,0.1,1,0.09509953089623584,0.05,0.15
13,0.15,1,0.09509953089623584,0.05,0.15
14,0.0,1,0.025844170293744608,0.5,0.15
14,0.02,1,0.025844170293744608,0.3,0.15
14,0.05,1,0.025844170293744608,0.3,0.15
14,0.1,1,0.025844170293744608,0.3,0.15
14,0.15,1,0.025844170293744608,0.3,0.15
15,0.0,1,0.0468660838759155,0.05,0.15
15,0.02,1,0.0468660838759155,0.05,0.15
15,0.05,1,0.0468660838759155,0.05,0.15
15,0.1,1,0.0468660838759155,0.05,0.15
15,0.15,1,0.0468660838759155,0.1,0.15
16,0.0,1,0.04055265678639009,,0.15
16,0.02,1,0.04055265678639009,,0.15
16,0.05,1,0.04055265678639009,,0.15
16,0.1,1,0.04055265678639009,,0.15
16,0.15,1,0.04055265678639009,0.2,0.15
17,0.0,0,0.008235257144171292,0.3,0.15
17,0.02,0,0.008235257144171292,0.3,0.15
17,0.05,0,0.008235257144171292,0.3,0.15
17,0.1,0,0.008235257144171292,0.3,0.15
17,0.15,0,0.008235257144171292,0.3,0.15
18,0.0,1,0.030871615278658122,0.1,0.15
18,0.02,1,0.030871615278658122,0.1,0.15
18,0.05,1,0.030871615278658122,0.1,0.15
18,0.1,1,0.030871615278658122,0.1,0.15
18,0.15,1,0.030871615278658122,0.1,0.15
19,0.0,1,0.02253155429771229,0.05,0.15
19,0.02,1,0.02253155429771229,0.05,0.15
19,0.05,1,0.02253155429771229,0.05,0.15
19,0.1,1,0.02253155429771229,0.1,0.15
19,0.15,1,0.02253155429771229,0.1,0.15
20,0.0,1,0.29258291212857834,0.05,0.15
20,0.02,1,0.29258291212857834,0.05,0.15
20,0.05,1,0.29258291212857834,0.05,0.15
20,0.1,1,0.29258291212857834,0.05,0.15
20,0.15,1,0.29258291212857834,0.05,0.15
21,0.0,1,0.0179534590377293,0.3,0.15
21,0.02,1,0.0179534590377293,0.3,0.15
21,0.05,1,0.0179534590377293,0.3,0.15
21,0.1,1,0.0179534590377293,0.3,0.15
21,0.15,1,0.0179534590377293,0.3,0.15
22,0.0,1,0.05037278115899435,0.05,0.15
22,0.02,1,0.05037278115899435,0.15,0.15
22,0.05,1,0.05037278115899435,0.15,0.15
22,0.1,1,0.05037278115899435,0.15,0.15
22,0.15,1,0.05037278115899435,0.1,0.15
23,0.0,0,0.0434901612190309,0.05,0.15
23,0.02,0,0.0434901612190309,0.15,0.15
23,0.05,0,0.0434901612190309,0.05,0.15
23,0.1,0,0.0434901612190309,0.05,0.15
23,0.15,0,0.0434901612190309,0.15,0.15
24,0.0,0,0.048457931884373646,0.3,0.15
24,0.02,0,0.048457931884373646,0.3,0.15
24,0.05,0,0.048457931884373646,0.3,0.15
24,0.1,0,0.048457931884373646,0.3,0.15
24,0.15,0,0.048457931884373646,0.3,0.15
25,0.0,0,0.008521476340350272,,0.15
25,0.02,0,0.008521476340350272,,0.15
25,0.05,0,0.008521476340350272,,0.15
25,0.1,0,0.008521476340350272,,0.15
25,0.15,0,0.008521476340350272,,0.15
26,0.0,0,0.03146701091931637,0.3,0.15
26,0.02,0,0.03146701091931637,0.3,0.15
26,0.05,0,0.03146701091931637,0.3,0.15
26,0.1,0,0.03146701091931637,0.3,0.15
26,0.15,0,0.03146701091931637,0.3,0.15
27,0.0,0,0.08359508757743439,0.05,0.15
27,0.02,0,0.08359508757743439,0.05,0.15
27,0.05,0,0.08359508757743439,0.05,0.15
27,0.1,0,0.08359508757743439,0.05,0.15
27,0.15,0,0.08359508757743439,0.05,0.15
28,0.0,1,0.015239895004154378,0.3,0.15
28,0.02,1,0.015239895004154378,0.3,0.15
28,0.05,1,0.015239895004154378,0.3,0.15
28,0.1,1,0.015239895004154378,0.3,0.15
28,0.15,1,0.015239895004154378,0.3,0.15
29,0.0,1,0.009680386413507968,0.3,0.15
29,0.02,1,0.009680386413507968,0.3,0.15
29,0.05,1,0.009680386413507968,0.3,0.15
29,0.1,1,0.009680386413507968,0.3,0.15
29,0.15,1,0.009680386413507968,0.3,0.15
30,0.0,0,0.3360275385810674,0.05,0.15
30,0.02,0,0.3360275385810674,0.05,0.15
30,0.05,0,0.3360275385810674,0.05,0.15
30,0.1,0,0.3360275385810674,0.05,0.15
30,0.15,0,0.3360275385810674,0.05,0.15
31,0.0,0,0.055521648436147,0.05,0.15
31,0.02,0,0.055521648436147,0.05,0.15
31,0.05,0,0.055521648436147,0.05,0.15
31,0.1,0,0.055521648436147,0.1,0.15
31,0.15,0,0.055521648436147,0.05,0.15
32,0.0,1,0.03992151854733713,0.05,0.15
32,0.02,1,0.03992151854733713,0.05,0.15
32,0.05,1,0.03992151854733713,0.15,0.15
32,0.1,1,0.03992151854733713,0.05,0.15
32,0.15,1,0.03992151854733713,0.05,0.15
33,0.0,0,0.04107714233880285,0.05,0.15
33,0.02,0,0.04107714233880285,0.05,0.15
33,0.05,0,0.04107714233880285,0.05,0.15
33,0.1,0,0.04107714233880285,0.05,0.15
33,0.15,0,0.04107714233880285,0.05,0.15
34,0.0,1,0.0562240468530719,0.2,0.15
34,0.02,1,0.0562240468530719,0.2,0.15
34,0.05,1,0.0562240468530719,0.2,0.15
34,0.1,1,0.0562240468530719,0.05,0.15
34,0.15,1,0.0562240468530719,0.2,0.15
35,0.0,1,0.009999071271123735,0.05,0.15
35,0.02,1,0.009999071271123735,0.05,0.15
35,0.05,1,0.009999071271123735,0.05,0.15
35,0.1,1,0.009999071271123735,0.05,0.15
35,0.15,1,0.009999071271123735,0.1,0.15
36,0.0,0,0.03690689596388711,,0.15
36,0.02,0,0.03690689596388711,,0.15
36,0.05,0,0.03690689596388711,,0.15
36,0.1,0,0.03690689596388711,,0.15
36,0.15,0,0.03690689596388711,,0.15
37,0.0,0,0.048706294308036725,0.2,0.15
37,0.02,0,0.048706294308036725,0.2,0.15
37,0.05,0,0.048706294308036725,0.2,0.15
37,0.1,0,0.048706294308036725,0.2,0.15
37,0.15,0,0.048706294308036725,0.2,0.15
38,0.0,1,0.01022286647708859,0.1,0.15
38,0.02,1,0.01022286647708859,0.1,0.15
38,0.05,1,0.01022286647708859,0.1,0.15
38,0.1,1,0.01022286647708859,0.1,0.15
38,0.15,1,0.01022286647708859,0.1,0.15
39,0.0,1,0.05464831852296532,0.3,0.15
39,0.02,1,0.05464831852296532,0.3,0.15
39,0.05,1,0.05464831852296532,0.3,0.15
39,0.1,1,0.05464831852296532,0.2,0.15
39,0.15,1,0.05464831852296532,0.3,0.15
40,0.0,1,0.02346100475240055,0.1,0.15
40,0.02,1,0.02346100475240055,0.1,0.15
40,0.05,1,0.02346100475240055,0.1,0.15
40,0.1,1,0.02346100475240055,0.1,0.15
40,0.15,1,0.02346100475240055,0.1,0.15
41,0.0,1,0.3258271762429009,0.05,0.15
41,0.02,1,0.3258271762429009,0.05,0.15
41,0.05,1,0.3258271762429009,0.05,0.15
41,0.1,1,0.3258271762429009,0.05,0.15
41,0.15,1,0.3258271762429009,0.05,0.15
42,0.0,0,0.017377056203700496,0.1,0.15
42,0.02,0,0.017377056203700496,0.15,0.15
42,0.05,0,0.017377056203700496,0.1,0.15
42,0.1,0,0.017377056203700496,0.1,0.15
42,0.15,0,0.017377056203700496,0.15,0.15
43,0.0,1,0.13502248233524433,0.05,0.15
43,0.02,1,0.13502248233524433,0.05,0.15
43,0.05,1,0.13502248233524433,0.05,0.15
43,0.1,1,0.13502248233524433,0.05,0.15
43,0.15,1,0.13502248233524433,0.05,0.15
44,0.0,1,0.13109220082671674,0.5,0.15
44,0.02,1,0.13109220082671674,0.5,0.15
44,0.05,1,0.13109220082671674,0.5,0.15
44,0.1,1,0.13109220082671674,0.5,0.15
44,0.15,1,0.13109220082671674,0.3,0.15
45,0.0,1,0.08393121684766108,,0.15
45,0.02,1,0.08393121684766108,,0.15
45,0.05,1,0.08393121684766108,,0.15
45,0.1,1,0.08393121684766108,,0.15
45,0.15,1,0.08393121684766108,,0.15
46,0.0,0,0.06960968499060131,0.05,0.15
46,0.02,0,0.06960968499060131,0.05,0.15
46,0.05,0,0.06960968499060131,0.05,0.15
46,0.1,0,0.06960968499060131,0.05,0.15
46,0.15,0,0.06960968499060131,0.1,0.15
47,0.0,0,0.05856432607450962,0.2,0.15
47,0.02,0,0.05856432607450962,0.2,0.15
47,0.05,0,0.05856432607450962,0.2,0.15
47,0.1,0,0.05856432607450962,0.15,0.15
47,0.15,0,0.05856432607450962,0.15,0.15
48,0.0,0,0.0362043532919671,0.5,0.15
48,0.02,0,0.0362043532919671,0.5,0.15
48,0.05,0,0.0362043532919671,0.5,0.15
48,0.1,0,0.0362043532919671,0.5,0.15
48,0.15,0,0.0362043532919671,0.5,0.15
49,0.0,0,0.06069485510437382,0.05,0.15
49,0.02,0,0.06069485510437382,0.05,0.15
49,0.05,0,0.06069485510437382,0.1,0.15
49,0.1,0,0.06069485510437382,0.1,0.15
49,0.15,0,0.06069485510437382,0.1,0.15
50,0.0,0,0.007876221514765625,0.1,0.15
50,0.02,0,0.007876221514765625,0.1,0.15
50,0.05,0,0.007876221514765625,0.1,0.15
50,0.1,0,0.007876221514765625,0.1,0.15
50,0.15,0,0.007876221514765625,0.1,0.15
51,0.0,1,0.009893394796649043,0.2,0.15
51,0.02,1,0.009893394796649043,0.2,0.15
51,0.05,1,0.009893394796649043,0.2,0.15
51,0.1,1,0.009893394796649043,0.15,0.15
51,0.15,1,0.009893394796649043,0.15,0.15
52,0.0,1,0.011794103394955159,0.3,0.15
52,0.02,1,0.011794103394955159,0.3,0.15
52,0.05,1,0.011794103394955159,0.3,0.15
52,0.1,1,0.011794103394955159,0.2,0.15
52,0.15,1,0.011794103394955159,0.05,0.15
53,0.0,1,0.035390255932869694,0.05,0.15
53,0.02,1,0.035390255932869694,0.05,0.15
53,0.05,1,0.035390255932869694,0.05,0.15
53,0.1,1,0.035390255932869694,0.05,0.15
53,0.15,1,0.035390255932869694,0.1,0.15
54,0.0,1,0.04237223252962664,0.1,0.15
54,0.02,1,0.04237223252962664,0.1,0.15
54,0.05,1,0.04237223252962664,0.15,0.15
54,0.1,1,0.04237223252962664,0.15,0.15
54,0.15,1,0.04237223252962664,0.3,0.15
55,0.0,0,0.00701658524744748,0.3,0.15
55,0.02,0,0.00701658524744748,0.3,0.15
55,0.05,0,0.00701658524744748,0.3,0.15
55,0.1,0,0.00701658524744748,0.3,0.15
55,0.15,0,0.00701658524744748,0.3,0.15
56,0.0,1,0.32840212792055806,0.05,0.15
56,0.02,1,0.32840212792055806,0.05,0.15
56,0.05,1,0.32840212792055806,0.05,0.15
56,0.1,1,0.32840212792055806,0.05,0.15
56,0.15,1,0.32840212792055806,0.05,0.15
57,0.0,0,0.009494686724429848,0.05,0.15
57,0.02,0,0.009494686724429848,0.05,0.15
57,0.05,0,0.009494686724429848,0.05,0.15
57,0.1,0,0.009494686724429848,0.1,0.15
57,0.15,0,0.009494686724429848,0.1,0.15
58,0.0,1,0.08598274708336967,0.2,0.15
58,0.02,1,0.08598274708336967,0.2,0.15
58,0.05,1,0.08598274708336967,0.2,0.15
58,0.1,1,0.08598274708336967,0.05,0.15
58,0.15,1,0.08598274708336967,0.15,0.15
59,0.0,1,0.045398638513570205,,0.15
59,0.02,1,0.045398638513570205,,0.15
59,0.05,1,0.045398638513570205,,0.15
59,0.1,1,0.045398638513570205,,0.15
59,0.15,1,0.045398638513570205,,0.15
60,0.0,1,0.05034588173179345,0.15,0.15
60,0.02,1,0.05034588173179345,0.1,0.15
60,0.05,1,0.05034588173179345,0.05,0.15
60,0.1,1,0.05034588173179345,0.15,0.15
60,0.15,1,0.05034588173179345,0.05,0.15
61,0.0,1,0.02184988283497939,0.15,0.15
61,0.02,1,0.02184988283497939,0.15,0.15
61,0.05,1,0.02184988283497939,0.15,0.15
61,0.1,1,0.02184988283497939,0.15,0.15
61,0.15,1,0.02184988283497939,0.15,0.15
62,0.0,0,0.06273175666100894,0.5,0.15
62,0.02,0,0.06273175666100894,0.5,0.15
62,0.05,0,0.06273175666100894,0.5,0.15
62,0.1,0,0.06273175666100894,0.5,0.15
62,0.15,0,0.06273175666100894,0.5,0.15
63,0.0,0,0.314914303329855,0.05,0.15
63,0.02,0,0.314914303329855,0.05,0.15
63,0.05,0,0.314914303329855,0.05,0.15
63,0.1,0,0.314914303329855,0.05,0.15
63,0.15,0,0.314914303329855,0.05,0.15
64,0.0,1,0.13119994481914315,0.05,0.15
64,0.02,1,0.13119994481914315,0.1,0.15
64,0.05,1,0.13119994481914315,0.05,0.15
64,0.1,1,0.13119994481914315,0.05,0.15
64,0.15,1,0.13119994481914315,0.05,0.15
65,0.0,1,0.20150074171928972,0.05,0.15
65,0.02,1,0.20150074171928972,0.05,0.15
65,0.05,1,0.20150074171928972,0.05,0.15
65,0.1,1,0.20150074171928972,0.05,0.15
65,0.15,1,0.20150074171928972,0.05,0.15
66,0.0,1,0.13730250756785942,0.05,0.15
66,0.02,1,0.13730250756785942,0.05,0.15
66,0.05,1,0.13730250756785942,0.05,0.15
66,0.1,1,0.13730250756785942,0.05,0.15
66,0.15,1,0.13730250756785942,0.05,0.15
67,0.0,1,0.014850995166809336,0.2,0.15
67,0.02,1,0.014850995166809336,0.2,0.15
67,0.05,1,0.014850995166809336,0.2,0.15
67,0.1,1,0.014850995166809336,0.2,0.15
67,0.15,1,0.014850995166809336,0.2,0.15
68,0.0,1,0.03459951950616934,0.2,0.15
68,0.02,1,0.03459951950616934,0.2,0.15
68,0.05,1,0.03459951950616934,0.2,0.15
68,0.1,1,0.03459951950616934,0.2,0.15
68,0.15,1,0.03459951950616934,0.1,0.15
69,0.0,0,0.11295150954197332,0.3,0.15
69,0.02,0,0.11295150954197332,0.3,0.15
69,0.05,0,0.11295150954197332,0.3,0.15
69,0.1,0,0.11295150954197332,0.3,0.15
69,0.15,0,0.11295150954197332,0.3,0.15
70,0.0,0,0.01721037959694625,0.3,0.15
70,0.02,0,0.01721037959694625,0.3,0.15
70,0.05,0,0.01721037959694625,0.3,0.15
70,0.1,0,0.01721037959694625,0.3,0.15
70,0.15,0,0.01721037959694625,0.2,0.15
71,0.0,1,0.014872236178216019,0.15,0.15
71,0.02,1,0.014872236178216019,0.15,0.15
71,0.05,1,0.014872236178216019,0.15,0.15
71,0.1,1,0.014872236178216019,0.15,0.15
71,0.15,1,0.014872236178216019,0.15,0.15
72,0.0,1,0.055513538343048834,0.3,0.15
72,0.02,1,0.055513538343048834,0.3,0.15
72,0.05,1,0.055513538343048834,0.3,0.15
72,0.1,1,0.055513538343048834,0.1,0.15
72,0.15,1,0.055513538343048834,0.3,0.15
73,0.0,0,0.008909989542864637,0.5,0.15
73,0.02,0,0.008909989542864637,0.5,0.15
73,0.05,0,0.008909989542864637,0.5,0.15
73,0.1,0,0.008909989542864637,0.5,0.15
73,0.15,0,0.008909989542864637,0.5,0.15
74,0.0,0,0.005584233380284169,,0.15
74,0.02,0,0.005584233380284169,,0.15
74,0.05,0,0.005584233380284169,,0.15
74,0.1,0,0.005584233380284169,,0.15
74,0.15,0,0.005584233380284169,,0.15
75,0.0,1,0.011437949008130891,0.05,0.15
75,0.02,1,0.011437949008130891,0.05,0.15
75,0.05,1,0.011437949008130891,0.05,0.15
75,0.1,1,0.011437949008130891,0.05,0.15
75,0.15,1,0.011437949008130891,0.05,0.15
76,0.0,0,0.005973434381525591,0.05,0.15
76,0.02,0,0.005973434381525591,0.05,0.15
76,0.05,0,0.005973434381525591,0.1,0.15
76,0.1,0,0.005973434381525591,0.1,0.15
76,0.15,0,0.005973434381525591,0.1,0.15
77,0.0,1,0.1293850353205941,0.05,0.15
77,0.02,1,0.1293850353205941,0.05,0.15
77,0.05,1,0.1293850353205941,0.05,0.15
77,0.1,1,0.1293850353205941,0.05,0.15
77,0.15,1,0.1293850353205941,0.1,0.15
78,0.0,1,0.08347573674869273,0.05,0.15
78,0.02,1,0.08347573674869273,0.05,0.15
78,0.05,1,0.08347573674869273,0.05,0.15
78,0.1,1,0.08347573674869273,0.05,0.15
78,0.15,1,0.08347573674869273,0.05,0.15
79,0.0,0,0.012660018928931064,0.2,0.15
79,0.02,0,0.012660018928931064,0.15,0.15
79,0.05,0,0.012660018928931064,0.15,0.15
79,0.1,0,0.012660018928931064,0.2,0.15
79,0.15,0,0.012660018928931064,0.15,0.15
80,0.0,1,0.038981146874884916,0.5,0.15
80,0.02,1,0.038981146874884916,0.5,0.15
80,0.05,1,0.038981146874884916,0.5,0.15
80,0.1,1,0.038981146874884916,0.1,0.15
80,0.15,1,0.038981146874884916,0.1,0.15
81,0.0,1,0.022347908123392997,0.3,0.15
81,0.02,1,0.022347908123392997,0.3,0.15
81,0.05,1,0.022347908123392997,0.3,0.15
81,0.1,1,0.022347908123392997,0.2,0.15
81,0.15,1,0.022347908123392997,0.2,0.15
82,0.0,0,0.2139336191895141,0.05,0.15
82,0.02,0,0.2139336191895141,0.05,0.15
82,0.05,0,0.2139336191895141,0.05,0.15
82,0.1,0,0.2139336191895141,0.05,0.15
82,0.15,0,0.2139336191895141,0.05,0.15
83,0.0,1,0.010307138980638557,0.3,0.15
83,0.02,1,0.010307138980638557,0.3,0.15
83,0.05,1,0.010307138980638557,0.3,0.15
83,0.1,1,0.010307138980638557,0.3,0.15
83,0.15,1,0.010307138980638557,0.3,0.15
84,0.0,0,0.016631532720204185,0.05,0.15
84,0.02,0,0.016631532720204185,0.05,0.15
84,0.05,0,0.016631532720204185,0.05,0.15
84,0.1,0,0.016631532720204185,0.1,0.15
84,0.15,0,0.016631532720204185,0.1,0.15
85,0.0,1,0.032655805277737086,0.15,0.15
85,0.02,1,0.032655805277737086,0.15,0.15
85,0.05,1,0.032655805277737086,0.15,0.15
85,0.1,1,0.032655805277737086,0.15,0.15
85,0.15,1,0.032655805277737086,0.15,0.15
86,0.0,0,0.13695235084749174,0.05,0.15
86,0.02,0,0.13695235084749174,0.05,0.15
86,0.05,0,0.13695235084749174,0.05,0.15
86,0.1,0,0.13695235084749174,0.05,0.15
86,0.15,0,0.13695235084749174,0.05,0.15
87,0.0,0,0.22301313630047845,0.05,0.15
87,0.02,0,0.22301313630047845,0.05,0.15
87,0.05,0,0.22301313630047845,0.05,0.15
87,0.1,0,0.22301313630047845,0.05,0.15
87,0.15,0,0.22301313630047845,0.05,0.15
88,0.0,0,0.16010661749539923,0.1,0.15
88,0.02,0,0.16010661749539923,0.1,0.15
88,0.05,0,0.16010661749539923,0.1,0.15
88,0.1,0,0.16010661749539923,0.1,0.15
88,0.15,0,0.16010661749539923,0.1,0.15
89,0.0,1,0.01032155817305387,0.15,0.15
89,0.02,1,0.01032155817305387,0.15,0.15
89,0.05,1,0.01032155817305387,0.15,0.15
89,0.1,1,0.01032155817305387,0.15,0.15
89,0.15,1,0.01032155817305387,0.15,0.15
90,0.0,0,0.0068741805868447,0.05,0.15
90,0.02,0,0.0068741805868447,0.05,0.15
90,0.05,0,0.0068741805868447,0.05,0.15
90,0.1,0,0.0068741805868447,0.05,0.15
90,0.15,0,0.0068741805868447,0.1,0.15
91,0.0,0,0.04834225787532955,0.3,0.15
91,0.02,0,0.04834225787532955,0.3,0.15
91,0.05,0,0.04834225787532955,0.3,0.15
91,0.1,0,0.04834225787532955,0.3,0.15
91,0.15,0,0.04834225787532955,0.2,0.15
92,0.0,0,0.05736897957005823,0.05,0.15
92,0.02,0,0.05736897957005823,0.1,0.15
92,0.05,0,0.05736897957005823,0.05,0.15
92,0.1,0,0.05736897957005823,0.05,0.15
92,0.15,0,0.05736897957005823,0.1,0.15
93,0.0,0,0.09957374445504923,0.05,0.15
93,0.02,0,0.09957374445504923,0.05,0.15
93,0.05,0,0.09957374445504923,0.05,0.15
93,0.1,0,0.09957374445504923,0.05,0.15
93,0.15,0,0.09957374445504923,0.05,0.15
94,0.0,0,0.029568677132033375,0.05,0.15
94,0.02,0,0.029568677132033375,0.05,0.15
94,0.05,0,0.029568677132033375,0.05,0.15
94,0.1,0,0.029568677132033375,0.1,0.15
94,0.15,0,0.029568677132033375,0.1,0.15
95,0.0,1,0.008086644213933904,,0.15
95,0.02,1,0.008086644213933904,,0.15
95,0.05,1,0.008086644213933904,,0.15
95,0.1,1,0.008086644213933904,0.5,0.15
95,0.15,1,0.008086644213933904,,0.15
96,0.0,0,0.014135671070015883,0.5,0.15
96,0.02,0,0.014135671070015883,0.5,0.15
96,0.05,0,0.014135671070015883,0.5,0.15
96,0.1,0,0.014135671070015883,0.5,0.15
96,0.15,0,0.014135671070015883,0.5,0.15
97,0.0,0,0.06751561508080203,0.1,0.15
97,0.02,0,0.06751561508080203,0.1,0.15
97,0.05,0,0.06751561508080203,0.1,0.15
97,0.1,0,0.06751561508080203,0.05,0.15
97,0.15,0,0.06751561508080203,0.1,0.15
98,0.0,1,0.019375315419159576,0.5,0.15
98,0.02,1,0.019375315419159576,0.5,0.15
98,0.05,1,0.019375315419159576,0.5,0.15
98,0.1,1,0.019375315419159576,0.5,0.15
98,0.15,1,0.019375315419159576,0.5,0.15
99,0.0,1,0.3275347149109683,0.05,0.15
99,0.02,1,0.3275347149109683,0.05,0.15
99,0.05,1,0.3275347149109683,0.05,0.15
99,0.1,1,0.3275347149109683,0.05,0.15
99,0.15,1,0.3275347149109683,0.05,0.15
100,0.0,0,0.10532588295057006,0.05,0.15
100,0.02,0,0.10532588295057006,0.05,0.15
100,0.05,0,0.10532588295057006,0.05,0.15
100,0.1,0,0.10532588295057006,0.05,0.15
100,0.15,0,0.10532588295057006,0.05,0.15
101,0.0,0,0.017472676414815248,0.05,0.15
101,0.02,0,0.017472676414815248,0.05,0.15
101,0.05,0,0.017472676414815248,0.05,0.15
101,0.1,0,0.017472676414815248,0.05,0.15
101,0.15,0,0.017472676414815248,0.1,0.15
102,0.0,0,0.032695851157344455,,0.15
102,0.02,0,0.032695851157344455,,0.15
102,0.05,0,0.032695851157344455,,0.15
102,0.1,0,0.032695851157344455,,0.15
102,0.15,0,0.032695851157344455,,0.15
103,0.0,0,0.053623291140409174,0.15,0.15
103,0.02,0,0.053623291140409174,0.15,0.15
103,0.05,0,0.053623291140409174,0.15,0.15
103,0.1,0,0.053623291140409174,0.15,0.15
103,0.15,0,0.053623291140409174,0.15,0.15
104,0.0,1,0.005161302512932755,0.5,0.15
104,0.02,1,0.005161302512932755,0.5,0.15
104,0.05,1,0.005161302512932755,0.5,0.15
104,0.1,1,0.005161302512932755,0.5,0.15
104,0.15,1,0.005161302512932755,0.5,0.15
105,0.0,0,0.16693504696290376,0.05,0.15
105,0.02,0,0.16693504696290376,0.05,0.15
105,0.05,0,0.16693504696290376,0.05,0.15
105,0.1,0,0.16693504696290376,0.05,0.15
105,0.15,0,0.16693504696290376,0.05,0.15
106,0.0,1,0.044378217235562324,0.2,0.15
106,0.02,1,0.044378217235562324,0.2,0.15
106,0.05,1,0.044378217235562324,0.2,0.15
106,0.1,1,0.044378217235562324,0.2,0.15
106,0.15,1,0.044378217235562324,0.2,0.15
107,0.0,0,0.01982318499076754,0.3,0.15
107,0.02,0,0.01982318499076754,0.5,0.15
107,0.05,0,0.01982318499076754,0.3,0.15
107,0.1,0,0.01982318499076754,0.3,0.15
107,0.15,0,0.01982318499076754,0.3,0.15
108,0.0,1,0.00933072324479863,0.15,0.15
108,0.02,1,0.00933072324479863,0.15,0.15
108,0.05,1,0.00933072324479863,0.15,0.15
108,0.1,1,0.00933072324479863,0.05,0.15
108,0.15,1,0.00933072324479863,0.1,0.15
109,0.0,0,0.16693037477536482,0.1,0.15
109,0.02,0,0.16693037477536482,0.1,0.15
109,0.05,0,0.16693037477536482,0.05,0.15
109,0.1,0,0.16693037477536482,0.05,0.15
109,0.15,0,0.16693037477536482,0.05,0.15
110,0.0,1,0.025308725431599493,0.05,0.15
110,0.02,1,0.025308725431599493,0.05,0.15
110,0.05,1,0.025308725431599493,0.05,0.15
110,0.1,1,0.025308725431599493,0.05,0.15
110,0.15,1,0.025308725431599493,0.1,0.15
111,0.0,1,0.029419044948811382,0.2,0.15
111,0.02,1,0.029419044948811382,0.15,0.15
111,0.05,1,0.029419044948811382,0.2,0.15
111,0.1,1,0.029419044948811382,0.15,0.15
111,0.15,1,0.029419044948811382,0.2,0.15
112,0.0,1,0.10602594468796456,0.05,0.15
112,0.02,1,0.10602594468796456,0.05,0.15
112,0.05,1,0.10602594468796456,0.1,0.15
112,0.1,1,0.10602594468796456,0.05,0.15
112,0.15,1,0.10602594468796456,0.05,0.15
113,0.0,1,0.051128118919496826,0.05,0.15
113,0.02,1,0.051128118919496826,0.05,0.15
113,0.05,1,0.051128118919496826,0.05,0.15
113,0.1,1,0.051128118919496826,0.05,0.15
113,0.15,1,0.051128118919496826,0.1,0.15
114,0.0,1,0.12606896901687908,0.05,0.15
114,0.02,1,0.12606896901687908,0.05,0.15
114,0.05,1,0.12606896901687908,0.1,0.15
114,0.1,1,0.12606896901687908,0.05,0.15
114,0.15,1,0.12606896901687908,0.1,0.15
115,0.0,1,0.011735954146434184,0.5,0.15
115,0.02,1,0.011735954146434184,0.5,0.15
115,0.05,1,0.011735954146434184,0.5,0.15
115,0.1,1,0.011735954146434184,0.5,0.15
115,0.15,1,0.011735954146434184,0.5,0.15
116,0.0,1,0.011494194659373038,0.05,0.15
116,0.02,1,0.011494194659373038,0.05,0.15
116,0.05,1,0.011494194659373038,0.05,0.15
116,0.1,1,0.011494194659373038,0.1,0.15
116,0.15,1,0.011494194659373038,0.05,0.15
117,0.0,1,0.036408816317547436,0.05,0.15
117,0.02,1,0.036408816317547436,0.15,0.15
117,0.05,1,0.036408816317547436,0.05,0.15
117,0.1,1,0.036408816317547436,0.15,0.15
117,0.15,1,0.036408816317547436,0.05,0.15
118,0.0,0,0.006146627790712038,0.05,0.15
118,0.02,0,0.006146627790712038,0.1,0.15
118,0.05,0,0.006146627790712038,0.05,0.15
118,0.1,0,0.006146627790712038,0.1,0.15
118,0.15,0,0.006146627790712038,0.1,0.15
119,0.0,0,0.04846874065893282,0.1,0.15
119,0.02,0,0.04846874065893282,0.05,0.15
119,0.05,0,0.04846874065893282,0.05,0.15
119,0.1,0,0.04846874065893282,0.05,0.15
119,0.15,0,0.04846874065893282,0.1,0.15
120,0.0,0,0.0076895049859252275,0.05,0.15
120,0.02,0,0.0076895049859252275,0.05,0.15
120,0.05,0,0.0076895049859252275,0.05,0.15
120,0.1,0,0.0076895049859252275,0.05,0.15
120,0.15,0,0.0076895049859252275,0.05,0.15
121,0.0,0,0.01508109997236566,0.3,0.15
121,0.02,0,0.01508109997236566,0.3,0.15
121,0.05,0,0.01508109997236566,0.3,0.15
121,0.1,0,0.01508109997236566,0.3,0.15
121,0.15,0,0.01508109997236566,0.3,0.15
122,0.0,0,0.00798395594100803,0.2,0.15
122,0.02,0,0.00798395594100803,0.2,0.15
122,0.05,0,0.00798395594100803,0.2,0.15
122,0.1,0,0.00798395594100803,0.2,0.15
122,0.15,0,0.00798395594100803,0.2,0.15
123,0.0,1,0.007773413326665001,0.1,0.15
123,0.02,1,0.007773413326665001,0.05,0.15
123,0.05,1,0.007773413326665001,0.05,0.15
123,0.1,1,0.007773413326665001,0.05,0.15
123,0.15,1,0.007773413326665001,0.05,0.15
124,0.0,0,0.01059100337264972,,0.15
124,0.02,0,0.01059100337264972,,0.15
124,0.05,0,0.01059100337264972,,0.15
124,0.1,0,0.01059100337264972,,0.15
124,0.15,0,0.01059100337264972,,0.15
125,0.0,1,0.02555188421397568,0.3,0.15
125,0.02,1,0.02555188421397568,0.3,0.15
125,0.05,1,0.02555188421397568,0.3,0.15
125,0.1,1,0.02555188421397568,0.3,0.15
125,0.15,1,0.02555188421397568,0.3,0.15
126,0.0,0,0.006979883500905948,0.15,0.15
126,0.02,0,0.006979883500905948,0.15,0.15
126,0.05,0,0.006979883500905948,0.15,0.15
126,0.1,0,0.006979883500905948,0.15,0.15
126,0.15,0,0.006979883500905948,0.15,0.15
127,0.0,0,0.2726827954284345,0.05,0.15
127,0.02,0,0.2726827954284345,0.05,0.15
127,0.05,0,0.2726827954284345,0.05,0.15
127,0.1,0,0.2726827954284345,0.05,0.15
127,0.15,0,0.2726827954284345,0.05,0.15
128,0.0,1,0.07733075998500437,0.05,0.15
128,0.02,1,0.07733075998500437,0.05,0.15
128,0.05,1,0.07733075998500437,0.05,0.15
128,0.1,1,0.07733075998500437,0.05,0.15
128,0.15,1,0.07733075998500437,0.05,0.15
129,0.0,0,0.005133221064806108,0.3,0.15
129,0.02,0,0.005133221064806108,0.3,0.15
129,0.05,0,0.005133221064806108,0.3,0.15
129,0.1,0,0.005133221064806108,0.3,0.15
129,0.15,0,0.005133221064806108,0.3,0.15
130,0.0,0,0.19083221082984406,0.05,0.15
130,0.02,0,0.19083221082984406,0.05,0.15
130,0.05,0,0.19083221082984406,0.05,0.15
130,0.1,0,0.19083221082984406,0.05,0.15
130,0.15,0,0.19083221082984406,0.05,0.15
131,0.0,1,0.03727828541714384,0.2,0.15
131,0.02,1,0.03727828541714384,0.2,0.15
131,0.05,1,0.03727828541714384,0.3,0.15
131,0.1,1,0.03727828541714384,0.2,0.15
131,0.15,1,0.03727828541714384,0.3,0.15
132,0.0,0,0.01942004870868076,0.15,0.15
132,0.02,0,0.01942004870868076,0.15,0.15
132,0.05,0,0.01942004870868076,0.15,0.15
132,0.1,0,0.01942004870868076,0.1,0.15
132,0.15,0,0.01942004870868076,0.15,0.15
133,0.0,1,0.03971115440852176,0.05,0.15
133,0.02,1,0.03971115440852176,0.05,0.15
133,0.05,1,0.03971115440852176,0.05,0.15
133,0.1,1,0.03971115440852176,0.05,0.15
133,0.15,1,0.03971115440852176,0.05,0.15
134,0.0,1,0.13324795074418874,0.3,0.15
134,0.02,1,0.13324795074418874,0.3,0.15
134,0.05,1,0.13324795074418874,0.3,0.15
134,0.1,1,0.13324795074418874,0.3,0.15
134,0.15,1,0.13324795074418874,0.3,0.15
135,0.0,1,0.02178298609921938,0.5,0.15
135,0.02,1,0.02178298609921938,0.5,0.15
135,0.05,1,0.02178298609921938,0.5,0.15
135,0.1,1,0.02178298609921938,0.5,0.15
135,0.15,1,0.02178298609921938,0.5,0.15
136,0.0,0,0.01368184425549181,0.3,0.15
136,0.02,0,0.01368184425549181,0.3,0.15
136,0.05,0,0.01368184425549181,0.2,0.15
136,0.1,0,0.01368184425549181,0.2,0.15
136,0.15,0,0.01368184425549181,0.2,0.15
137,0.0,0,0.03854614628855296,0.3,0.15
137,0.02,0,0.03854614628855296,0.3,0.15
137,0.05,0,0.03854614628855296,0.3,0.15
137,0.1,0,0.03854614628855296,0.2,0.15
137,0.15,0,0.03854614628855296,0.2,0.15
138,0.0,0,0.0744683445606122,0.1,0.15
138,0.02,0,0.0744683445606122,0.05,0.15
138,0.05,0,0.0744683445606122,0.05,0.15
138,0.1,0,0.0744683445606122,0.05,0.15
138,0.15,0,0.0744683445606122,0.1,0.15
139,0.0,0,0.0675144390675434,0.05,0.15
139,0.02,0,0.0675144390675434,0.05,0.15
139,0.05,0,0.0675144390675434,0.05,0.15
139,0.1,0,0.0675144390675434,0.05,0.15
139,0.15,0,0.0675144390675434,0.1,0.15
140,0.0,1,0.06474491188712402,0.05,0.15
140,0.02,1,0.06474491188712402,0.05,0.15
140,0.05,1,0.06474491188712402,0.05,0.15
140,0.1,1,0.06474491188712402,0.05,0.15
140,0.15,1,0.06474491188712402,0.05,0.15
141,0.0,0,0.33239351567351666,0.05,0.15
141,0.02,0,0.33239351567351666,0.05,0.15
141,0.05,0,0.33239351567351666,0.05,0.15
141,0.1,0,0.33239351567351666,0.05,0.15
141,0.15,0,0.33239351567351666,0.05,0.15
142,0.0,0,0.0754137569530403,0.05,0.15
142,0.02,0,0.0754137569530403,0.05,0.15
142,0.05,0,0.0754137569530403,0.05,0.15
142,0.1,0,0.0754137569530403,0.05,0.15
142,0.15,0,0.0754137569530403,0.05,0.15
143,0.0,0,0.036088673159999925,0.3,0.15
143,0.02,0,0.036088673159999925,0.3,0.15
143,0.05,0,0.036088673159999925,0.3,0.15
143,0.1,0,0.036088673159999925,0.2,0.15
143,0.15,0,0.036088673159999925,0.2,0.15
144,0.0,1,0.3044411345072742,0.05,0.15
144,0.02,1,0.3044411345072742,0.05,0.15
144,0.05,1,0.3044411345072742,0.05,0.15
144,0.1,1,0.3044411345072742,0.05,0.15
144,0.15,1,0.3044411345072742,0.05,0.15
145,0.0,1,0.03137804272500387,0.05,0.15
145,0.02,1,0.03137804272500387,0.05,0.15
145,0.05,1,0.03137804272500387,0.1,0.15
145,0.1,1,0.03137804272500387,0.1,0.15
145,0.15,1,0.03137804272500387,0.05,0.15
146,0.0,1,0.2896020863083294,0.05,0.15
146,0.02,1,0.2896020863083294,0.05,0.15
146,0.05,1,0.2896020863083294,0.05,0.15
146,0.1,1,0.2896020863083294,0.05,0.15
146,0.15,1,0.2896020863083294,0.05,0.15
147,0.0,1,0.05191353462127968,0.15,0.15
147,0.02,1,0.05191353462127968,0.15,0.15
147,0.05,1,0.05191353462127968,0.1,0.15
147,0.1,1,0.05191353462127968,0.1,0.15
147,0.15,1,0.05191353462127968,0.15,0.15
148,0.0,0,0.045304664308401604,0.05,0.15
148,0.02,0,0.045304664308401604,0.05,0.15
148,0.05,0,0.045304664308401604,0.05,0.15
148,0.1,0,0.045304664308401604,0.05,0.15
148,0.15,0,0.045304664308401604,0.1,0.15
149,0.0,1,0.04627906949041702,0.1,0.15
149,0.02,1,0.04627906949041702,0.1,0.15
149,0.05,1,0.04627906949041702,0.1,0.15
149,0.1,1,0.04627906949041702,0.15,0.15
149,0.15,1,0.04627906949041702,0.15,0.15
150,0.0,0,0.06119937672685484,0.05,0.15
150,0.02,0,0.06119937672685484,0.05,0.15
150,0.05,0,0.06119937672685484,0.1,0.15
150,0.1,0,0.06119937672685484,0.1,0.15
150,0.15,0,0.06119937672685484,0.1,0.15
151,0.0,1,0.06929453008791198,0.05,0.15
151,0.02,1,0.06929453008791198,0.05,0.15
151,0.05,1,0.06929453008791198,0.05,0.15
151,0.1,1,0.06929453008791198,0.05,0.15
151,0.15,1,0.06929453008791198,0.05,0.15
152,0.0,1,0.3396230595344369,0.05,0.15
152,0.02,1,0.3396230595344369,0.05,0.15
152,0.05,1,0.3396230595344369,0.05,0.15
152,0.1,1,0.3396230595344369,0.05,0.15
152,0.15,1,0.3396230595344369,0.05,0.15
153,0.0,1,0.007232253735342208,0.05,0.15
153,0.02,1,0.007232253735342208,0.05,0.15
153,0.05,1,0.007232253735342208,0.05,0.15
153,0.1,1,0.007232253735342208,0.05,0.15
153,0.15,1,0.007232253735342208,0.1,0.15
154,0.0,0,0.03282065478635676,0.5,0.15
154,0.02,0,0.03282065478635676,0.5,0.15
154,0.05,0,0.03282065478635676,0.5,0.15
154,0.1,0,0.03282065478635676,0.5,0.15
154,0.15,0,0.03282065478635676,0.5,0.15
155,0.0,0,0.05142386829371605,0.3,0.15
155,0.02,0,0.05142386829371605,0.3,0.15
155,0.05,0,0.05142386829371605,0.3,0.15
155,0.1,0,0.05142386829371605,0.2,0.15
155,0.15,0,0.05142386829371605,0.2,0.15
156,0.0,1,0.11575588403962739,0.05,0.15
156,0.02,1,0.11575588403962739,0.05,0.15
156,0.05,1,0.11575588403962739,0.05,0.15
156,0.1,1,0.11575588403962739,0.05,0.15
156,0.15,1,0.11575588403962739,0.05,0.15
157,0.0,0,0.022004470320863598,0.05,0.15
157,0.02,0,0.022004470320863598,0.05,0.15
157,0.05,0,0.022004470320863598,0.05,0.15
157,0.1,0,0.022004470320863598,0.1,0.15
157,0.15,0,0.022004470320863598,0.05,0.15
158,0.0,0,0.26139183983916836,0.05,0.15
158,0.02,0,0.26139183983916836,0.05,0.15
158,0.05,0,0.26139183983916836,0.05,0.15
158,0.1,0,0.26139183983916836,0.05,0.15
158,0.15,0,0.26139183983916836,0.05,0.15
159,0.0,1,0.2617826584228816,0.05,0.15
159,0.02,1,0.2617826584228816,0.05,0.15
159,0.05,1,0.2617826584228816,0.05,0.15
159,0.1,1,0.2617826584228816,0.05,0.15
159,0.15,1,0.2617826584228816,0.05,0.15
