measurement_noise,observation_fraction,metric,n_pairs,movie_mean,same_time_snapshot_mean,paired_effect_movie_minus_snapshot,paired_effect_ci_low,paired_effect_ci_high,two_sided_p,holm_p_within_metric_30_cells
0.0,0.05,accuracy,160,0.8125,0.81875,-0.00625,-0.0375,0.025,1.0,1.0
0.0,0.05,macro_dice,160,0.7650511866349538,0.7192977578993751,0.045753428735578666,0.020202872850736985,0.07257392722583393,0.0006741313359230029,0.010111970038845043
0.0,0.05,nrmse,160,0.19691462207112181,0.22106884741834812,-0.024154225347226308,-0.03265954025276365,-0.014714056687796712,1.176589355788817e-13,2.1178608404198705e-12
0.0,0.05,auroc,160,0.9072858036272671,0.9119762351469669,-0.004690431519699834,-0.032944518399225506,0.023452375466125937,0.833791552111972,1.0
0.0,0.1,accuracy,160,0.8375,0.85625,-0.01875,-0.05,0.00625,0.375,1.0
0.0,0.1,macro_dice,160,0.7816028759086242,0.7242974438486113,0.05730543206001287,0.02876966642382579,0.08702911976047692,0.0002750269205015563,0.004400430728024901
0.0,0.1,nrmse,160,0.17791459721978695,0.20614970221161671,-0.028235104991829775,-0.0349622273938396,-0.021114614887687674,3.6089754979789616e-13,5.774360796766339e-12
0.0,0.1,auroc,160,0.9432457786116323,0.9487179487179487,-0.0054721701063163986,-0.020114292980056972,0.00782350179940539,0.7065733566608348,1.0
0.0,0.15,accuracy,160,0.85625,0.89375,-0.0375,-0.075,0.0,0.109375,1.0
0.0,0.15,macro_dice,160,0.8020918817349901,0.7381534606837007,0.06393842105128958,0.035703666820603316,0.09288853312445777,6.756707576278774e-05,0.0012162073637301792
0.0,0.15,nrmse,160,0.16687823834627458,0.19100550052906826,-0.024127262182793676,-0.03156253325861111,-0.016683531463132843,2.9421166442941576e-10,4.118963302011821e-09
0.0,0.15,auroc,160,0.9538774233896186,0.9710756722951845,-0.017198248905565983,-0.031010442854720925,-0.005490002579979363,0.18970257435641089,1.0
0.0,0.2,accuracy,160,0.9,0.93125,-0.03125,-0.0625,-0.00625,0.0625,1.0
0.0,0.2,macro_dice,160,0.8239891846296163,0.7572886210759378,0.06670056355367855,0.03702367709358521,0.0958882368252748,2.1549021727873125e-05,0.0004309804345574625
0.0,0.2,nrmse,160,0.15536061255590816,0.17493782702198094,-0.019577214466072766,-0.027331559515351312,-0.011866600411050775,7.587320283630699e-07,7.587320283630699e-06
0.0,0.2,auroc,160,0.9749843652282677,0.9826454033771107,-0.007661038148843002,-0.016447789069861378,-0.0009380863039399861,0.4308922769307673,1.0
0.0,0.3,accuracy,160,0.95625,0.95,0.00625,0.0,0.01875,1.0,1.0
0.0,0.3,macro_dice,160,0.9192068470092984,0.8115485158827822,0.1076583311265162,0.08519469048825179,0.13038493408293333,1.0826001005730497e-16,2.923020271547234e-15
0.0,0.3,nrmse,160,0.13463020502217038,0.13810827403271342,-0.003478069010543024,-0.012055419793775286,0.005051011089397902,0.5042418022325692,1.0
0.0,0.3,auroc,160,0.9959349593495935,0.9970293933708568,-0.001094434021263302,-0.0044090154616548355,0.0014071294559099307,0.6320919770057486,1.0
0.0,0.5,accuracy,160,0.99375,1.0,-0.00625,-0.01875,0.0,1.0,1.0
0.0,0.5,macro_dice,160,0.9580957011069664,0.9319800811310948,0.02611561997587154,0.01397748762628167,0.04017365030593254,0.9544798964276509,1.0
0.0,0.5,nrmse,160,0.12414897745179646,0.07041474370930603,0.05373423374249041,0.044106200383967585,0.06296639441777903,6.560159948876488e-17,1.7056415867078868e-15
0.0,0.5,auroc,160,1.0,1.0,0.0,0.0,0.0,1.0,1.0
0.02,0.05,accuracy,160,0.825,0.825,0.0,-0.0375,0.03125,1.0,1.0
0.02,0.05,macro_dice,160,0.6987517906406661,0.7193906663188383,-0.020638875678172245,-0.04942298540996029,0.008628246137169936,0.5821581552852326,1.0
0.02,0.05,nrmse,160,0.23268677044204228,0.22127886600335156,0.011407904438690768,0.0010969511802124176,0.021780999310221448,0.06283108476081814,0.25132433904327256
0.02,0.05,auroc,160,0.9199499687304565,0.9108818011257036,0.00906816760475293,-0.016952404986243706,0.03639307839458486,0.6523369157710572,1.0
0.02,0.1,accuracy,160,0.8375,0.85625,-0.01875,-0.05,0.00625,0.375,1.0
0.02,0.1,macro_dice,160,0.7631771077532326,0.7244766772811556,0.038700430472077066,0.009039485288781552,0.06782650216296163,0.007648405596749722,0.09178086716099666
0.02,0.1,nrmse,160,0.18617154246499035,0.20644312686450156,-0.02027158439951115,-0.026911601581416183,-0.013418150740581619,8.616280787074525e-10,1.0339536944489431e-08
0.02,0.1,auroc,160,0.9438711694809255,0.948405253283302,-0.004534083802376521,-0.020313772713032537,0.009654278020651936,0.7578105473631592,1.0
0.02,0.15,accuracy,160,0.8625,0.9,-0.0375,-0.075,-0.00625,0.0703125,1.0
0.02,0.15,macro_dice,160,0.7917521096812676,0.7381241451437756,0.05362796453749201,0.0239252748182489,0.08411779019658319,0.0008063078654798961,0.011288310116718546
0.02,0.15,nrmse,160,0.17152070472978892,0.1913168132296719,-0.019796108499882982,-0.027109220445877658,-0.012216354925516267,9.979557770157552e-09,1.0977513547173307e-07
0.02,0.15,auroc,160,0.9532520325203252,0.9709193245778611,-0.01766729205753592,-0.03185293344940087,-0.005934708854904767,0.1997000749812547,1.0
0.02,0.2,accuracy,160,0.9125,0.93125,-0.01875,-0.04375,0.0,0.25,1.0
0.02,0.2,macro_dice,160,0.8214537346226916,0.7575193654734063,0.06393436914928524,0.03529530209611892,0.09319719566078111,4.813722874789378e-05,0.0009146073462099818
0.02,0.2,nrmse,160,0.1585742302329253,0.17528379154324955,-0.016709561310324226,-0.024302589700730546,-0.009031271120851518,5.757232897963246e-06,5.181509608166921e-05
0.02,0.2,auroc,160,0.976078799249531,0.9821763602251408,-0.0060975609756097615,-0.014615065151039035,0.0006399605674794216,0.5701074731317171,1.0
0.02,0.3,accuracy,160,0.95625,0.95625,0.0,-0.01875,0.01875,1.0,1.0
0.02,0.3,macro_dice,160,0.9064629193065376,0.812162979952887,0.09429993935365058,0.06916497937612463,0.11786782999717908,2.1063866071233914e-12,5.265966517808478e-11
0.02,0.3,nrmse,160,0.1371811357253881,0.1385995428375683,-0.0014184071121802664,-0.009690224940109848,0.006782403695386017,0.5962264032461684,1.0
0.02,0.3,auroc,160,0.9956222639149468,0.9970293933708568,-0.001407129455910039,-0.005000019534302238,0.0012531328320801727,0.5176205948512872,1.0
0.02,0.5,accuracy,160,0.9875,1.0,-0.0125,-0.03125,0.0,0.5,1.0
0.02,0.5,macro_dice,160,0.9589400634065199,0.9328581318231889,0.026081931583331254,0.013856759706341752,0.04016347539337979,0.8223722756064009,1.0
0.02,0.5,nrmse,160,0.12461528837225877,0.07189407912536336,0.052721209246895405,0.04317789050626573,0.062082590236799344,9.135717157625518e-17,2.2839292894063796e-15
0.02,0.5,auroc,160,1.0,1.0,0.0,0.0,0.0,1.0,1.0
0.05,0.05,accuracy,160,0.85,0.81875,0.03125,-0.0125,0.075,0.266845703125,1.0
0.05,0.05,macro_dice,160,0.5682743147258531,0.7175336142768082,-0.14925929955095518,-0.1850286111630426,-0.11467310429607358,9.70236541915768e-14,2.5226150089809967e-12
0.05,0.05,nrmse,160,0.33245770541228364,0.22253203425542178,0.10992567115686187,0.09058354237346113,0.13016797417320727,1.54047722075423e-13,2.618811275282191e-12
0.05,0.05,auroc,160,0.9241713570981863,0.9118198874296435,0.012351469668542836,-0.01740866876198394,0.04330072134057872,0.60959760059985,1.0
0.05,0.1,accuracy,160,0.825,0.85,-0.025,-0.05,-0.00625,0.125,1.0
0.05,0.1,macro_dice,160,0.7039274167292653,0.7252470294505378,-0.021319612721272398,-0.05261193628436561,0.009477502724743254,0.3120717904560555,1.0
0.05,0.1,nrmse,160,0.21854838409588453,0.20784595731762784,0.010702426778256741,0.002148157873074449,0.018987863769644696,0.022137469620136473,0.11068734810068237
0.05,0.1,auroc,160,0.941682301438399,0.9474671669793621,-0.0057848655409630245,-0.019957102451288428,0.007619684663162942,0.7103224193951512,1.0
0.05,0.15,accuracy,160,0.8625,0.89375,-0.03125,-0.0625,0.0,0.125,1.0
0.05,0.15,macro_dice,160,0.7536704690254153,0.7394801636878704,0.014190305337544964,-0.015201287351695828,0.043161389524090515,0.1028487351790466,0.8227898814323727
0.05,0.15,nrmse,160,0.18935339377633245,0.19289961662907168,-0.003546222852739249,-0.009954495544772238,0.0032121067901915044,0.005996253826605123,0.04197377678623586
0.05,0.15,auroc,160,0.9551282051282052,0.9699812382739212,-0.014853033145716066,-0.02835437566901322,-0.004235144847412702,0.25793551612096977,1.0
0.05,0.2,accuracy,160,0.9125,0.9375,-0.025,-0.05,-0.00625,0.125,1.0
0.05,0.2,macro_dice,160,0.7704228363021379,0.7583267960879881,0.012096040214149695,-0.019376283787609815,0.04281914048798321,0.28658151816853894,1.0
0.05,0.2,nrmse,160,0.1720462057185098,0.17686530167297437,-0.004819095954464568,-0.011610146209675029,0.0019169783412985057,0.01470248814578032,0.08821492887468192
0.05,0.2,auroc,160,0.9768605378361476,0.9831144465290806,-0.0062539086929330745,-0.014375056161118843,0.0,0.5471132216945763,1.0
0.05,0.3,accuracy,160,0.95625,0.95,0.00625,0.0,0.01875,1.0,1.0
0.05,0.3,macro_dice,160,0.8610585038378847,0.8148503100511111,0.04620819378677334,0.017213381597759116,0.07363598961677018,0.001628201899644614,0.02116662469537998
0.05,0.3,nrmse,160,0.1452286619783303,0.14127749843464538,0.003951163543684901,-0.0040019543855474736,0.01184138999515489,0.6901482297664128,1.0
0.05,0.3,auroc,160,0.9954659161976235,0.9967166979362101,-0.001250781738586615,-0.004688232536333772,0.0012571353526632553,0.5108722819295176,1.0
0.05,0.5,accuracy,160,0.99375,1.0,-0.00625,-0.01875,0.0,1.0,1.0
0.05,0.5,macro_dice,160,0.9556602200466735,0.9327904362626945,0.022869783783978824,0.009332186103910475,0.036426930550923,0.8842321502633717,1.0
0.05,0.5,nrmse,160,0.12673111982218035,0.0777282480359153,0.04900287178626504,0.03989653745359668,0.05795684428102893,5.853227199098744e-16,1.3462422557927111e-14
0.05,0.5,auroc,160,1.0,1.0,0.0,0.0,0.0,1.0,1.0
0.1,0.05,accuracy,160,0.8125,0.8125,0.0,-0.05,0.05,1.0,1.0
0.1,0.05,macro_dice,160,0.4496995452228962,0.7007197265222322,-0.25102018129933606,-0.28409900477774674,-0.21605320347988657,2.9912580058276245e-22,8.67464821690011e-21
0.1,0.05,nrmse,160,0.4532972095315289,0.22695366352537932,0.2263435460061495,0.1980259326353622,0.25455113834969956,1.5337064429834015e-22,4.447748684651864e-21
0.1,0.05,auroc,160,0.8943089430894309,0.8968105065666041,-0.00250156347717323,-0.03483359374999994,0.02969610456857764,0.9302674331417146,1.0
0.1,0.1,accuracy,160,0.825,0.85625,-0.03125,-0.075,0.00625,0.2265625,1.0
0.1,0.1,macro_dice,160,0.5886214230606559,0.7245543755064184,-0.13593295244576248,-0.16937804057385003,-0.10187604289494608,1.0991309267905716e-09,2.5280011316183147e-08
0.1,0.1,nrmse,160,0.30245450925961653,0.21232507992676136,0.09012942933285514,0.07474596315077614,0.10602590801433964,5.977722470222613e-15,1.2553217187467488e-13
0.1,0.1,auroc,160,0.9385553470919324,0.9480925578486554,-0.00953721075672298,-0.02529890300911369,0.005782334408230411,0.5466133466633342,1.0
0.1,0.15,accuracy,160,0.8625,0.8875,-0.025,-0.05625,0.0,0.21875,1.0
0.1,0.15,macro_dice,160,0.6724663736363146,0.7387882058594546,-0.06632183222313995,-0.09642406853313198,-0.03683482453882752,0.04601156034641669,0.4141040431177502
0.1,0.15,nrmse,160,0.2385017230431429,0.19813244467905075,0.04036927836409212,0.030872208236131023,0.05016974535190493,5.024226105308037e-12,7.536339157962055e-11
0.1,0.15,auroc,160,0.9565353345841151,0.9709193245778611,-0.014383989993746016,-0.026723470772961833,-0.003908692933083158,0.28817795551112224,1.0
0.1,0.2,accuracy,160,0.91875,0.94375,-0.025,-0.05,-0.00625,0.125,1.0
0.1,0.2,macro_dice,160,0.7067462920418939,0.7593702029188383,-0.05262391087694453,-0.08203069481724799,-0.02167953626334835,0.023430195138056845,0.23430195138056845
0.1,0.2,nrmse,160,0.21182837357065934,0.1826455840183771,0.029182789552282234,0.021495705235506198,0.037047589783253114,3.1425783657132535e-10,4.118963302011821e-09
0.1,0.2,auroc,160,0.9777986241400876,0.983739837398374,-0.0059412132582864485,-0.014118257107997228,-0.00015234374999995547,0.6028492876780804,1.0
0.1,0.3,accuracy,160,0.95625,0.95,0.00625,0.0,0.01875,1.0,1.0
0.1,0.3,macro_dice,160,0.778865545015532,0.8164905922160297,-0.03762504720049799,-0.06981483075194274,-0.006520162695154447,0.10898769536666689,0.8227898814323727
0.1,0.3,nrmse,160,0.16840190377595743,0.14884000061992977,0.01956190315602768,0.012704040759393746,0.026890029280521068,6.467858380848359e-05,0.0005174286704678687
0.1,0.3,auroc,160,0.9948405253283302,0.9962476547842402,-0.0014071294559099279,-0.004893089352657678,0.0009428032683845844,0.5888527868032992,1.0
0.1,0.5,accuracy,160,0.99375,1.0,-0.00625,-0.01875,0.0,1.0,1.0
0.1,0.5,macro_dice,160,0.8926166316720259,0.9295036215816754,-0.03688698990964963,-0.06121019767261774,-0.014670018643916156,0.011342964748329291,0.1247726122316222
0.1,0.5,nrmse,160,0.1354493479674876,0.09184377410585111,0.04360557386163649,0.03524081940948945,0.05170049012768125,2.8704198648355854e-15,6.314923702638288e-14
0.1,0.5,auroc,160,1.0,1.0,0.0,0.0,0.0,1.0,1.0
0.15,0.05,accuracy,160,0.83125,0.8125,0.01875,-0.04375,0.075,0.6776394844055176,1.0
0.15,0.05,macro_dice,160,0.3933785255202238,0.6704918381555037,-0.27711331263527994,-0.3100496402587681,-0.245024612776798,3.5143273551162553e-25,1.0542982065348766e-23
0.15,0.05,nrmse,160,0.5121325475237558,0.2336655247681314,0.2784670227556244,0.24855623782978917,0.30806825762800394,1.513972926731202e-26,4.541918780193606e-25
0.15,0.05,auroc,160,0.9052532833020638,0.9074421513445904,-0.002188868042526604,-0.0357446336579687,0.030203362885015368,0.9380154961259685,1.0
0.15,0.1,accuracy,160,0.83125,0.825,0.00625,-0.03125,0.04375,1.0,1.0
0.15,0.1,macro_dice,160,0.5166850797634988,0.6939866374133311,-0.1773015576498323,-0.20747257994138257,-0.14667981304513955,1.1057330771494808e-17,3.0960526160185462e-16
0.15,0.1,nrmse,160,0.36457846409160666,0.21989234321929851,0.14468612087230817,0.12324479860696752,0.16622984444821254,5.576763385302636e-18,1.561493747884738e-16
0.15,0.1,auroc,160,0.9418386491557224,0.944027517198249,-0.002188868042526604,-0.017510944340212612,0.012664412798485646,0.8985253686578355,1.0
0.15,0.15,accuracy,160,0.85625,0.89375,-0.0375,-0.06875,-0.0125,0.03125,0.9375
0.15,0.15,macro_dice,160,0.5887389024844651,0.7214385449776826,-0.13269964249321733,-0.1624167212399872,-0.1025041001005947,1.691927883458101e-10,4.0606269202994425e-09
0.15,0.15,nrmse,160,0.29435868524417164,0.2063882086260941,0.08797047661807753,0.07386812308644125,0.10181146302976103,1.403963911698679e-16,3.3695133880768297e-15
0.15,0.15,auroc,160,0.9535647279549718,0.9662288930581614,-0.012664165103189573,-0.024221124387254857,-0.003481563538534571,0.3784053986503374,1.0
0.15,0.2,accuracy,160,0.925,0.925,0.0,-0.025,0.025,1.0,1.0
0.15,0.2,macro_dice,160,0.6388623014268765,0.7377350261887189,-0.09887272476184246,-0.12889863015973832,-0.06909737204483396,1.7678206340972516e-05,0.00037124233316042284
0.15,0.2,nrmse,160,0.25450085821624313,0.19175902557264532,0.06274183264359783,0.0521767089605833,0.07299897162356682,6.189976569141492e-18,1.671293673668203e-16
0.15,0.2,auroc,160,0.9776422764227642,0.9826454033771107,-0.00500312695434646,-0.012912257987646005,0.0007843476171110171,0.6525868532866783,1.0
0.15,0.3,accuracy,160,0.95625,0.95625,0.0,-0.01875,0.01875,1.0,1.0
0.15,0.3,macro_dice,160,0.722189355920394,0.8030923936476512,-0.0809030377272572,-0.11176829595223538,-0.05227949780681455,0.0002364790298280709,0.004020143507077205
0.15,0.3,nrmse,160,0.19694164511909557,0.16014965585554256,0.036791989263553,0.029565312916885654,0.04423234490680828,9.196476858560838e-15,1.8392953717121675e-13
0.15,0.3,auroc,160,0.9954659161976235,0.9968730456535334,-0.0014071294559099279,-0.004068332454905061,0.0003129400719762421,0.6638340414896275,1.0
0.15,0.5,accuracy,160,1.0,0.99375,0.00625,0.0,0.01875,1.0,1.0
0.15,0.5,macro_dice,160,0.812964508268664,0.9091783722475361,-0.09621386397887197,-0.12364638205650737,-0.06839590421536897,2.869807603079988e-06,6.313576726775974e-05
0.15,0.5,nrmse,160,0.14875039584508915,0.11028213173548891,0.03846826410960021,0.03030300736908306,0.04632898816125173,5.069002729609796e-14,9.631105186258613e-13
0.15,0.5,auroc,160,1.0,1.0,0.0,0.0,0.0,1.0,1.0
