trial_id,outcome,correct,true_correction_rate,realized_correction_map_mean,realized_correction_map_sd,estimated_correction_rate,raw_correction_rate,sampled_k_error,realized_mean_k_error,true_coupling,estimated_coupling,raw_coupling,coupling_error,correction_hit_lower,correction_hit_upper,coupling_hit_lower,coupling_hit_upper,any_coefficient_boundary_hit,macro_dice,macro_dice_nonempty_classes,nrmse
0,1,True,0.8061597516792787,0.8084521956105569,0.08058318927438747,0.08,-0.07081873896746674,-0.7261597516792787,-0.728452195610557,0.07341914807417228,0.4537240312544669,0.4537240312544669,0.38030488318029465,True,False,False,False,True,0.9763775866077656,0.9645663799116484,0.17141149158736543
1,0,True,0.6658097544277723,0.6651365326922841,0.07678427627135644,0.11573292679087657,0.11573292679087657,-0.5500768276368958,-0.5494036059014076,0.07004522008239797,0.3229804783754373,0.3229804783754373,0.2529352582930393,False,False,False,False,False,0.9960050874072038,0.9960050874072038,0.14480155508532278
2,0,True,0.7524705426875019,0.7561887516871442,0.11223914735240659,0.08,0.011439337722846268,-0.672470542687502,-0.6761887516871442,0.2123056067442337,0.43468098167948266,0.43468098167948266,0.22237537493524895,True,False,False,False,True,0.955188198086448,0.955188198086448,0.11420605775293667
3,0,True,0.936506700199845,0.9375240007961189,0.12909272908246863,0.08,-0.4361595555969004,-0.8565067001998451,-0.8575240007961189,0.1734029035527315,0.6,0.8966216558405944,0.4265970964472685,True,False,False,True,True,0.972833026674308,0.972833026674308,0.15404988351610155
4,1,False,1.1471671339390808,1.147879321679547,0.2257966399774087,0.517294923534371,0.517294923534371,-0.6298722104047098,-0.6305843981451761,0.14057516520790447,0.08756518888245905,0.08756518888245905,-0.05300997632544542,False,False,False,False,False,0.8263247863247862,0.7394871794871795,0.26715815745639315
5,0,True,0.8114481400938126,0.8130229499864904,0.07898711564982287,0.08,-0.48511347749496625,-0.7314481400938126,-0.7330229499864904,0.14590018528620505,0.6,0.87813558172737,0.4540998147137949,True,False,False,True,True,0.9723388713894551,0.9723388713894551,0.13138455827966652
6,1,True,0.8589742642483227,0.8596629185285919,0.0857709539822659,0.08,0.004526186560440094,-0.7789742642483227,-0.7796629185285919,0.13647773863540957,0.5451458779733896,0.5451458779733896,0.4086681393379801,True,False,False,False,True,0.9671884224219336,0.9507826336329004,0.18818139501676984
7,0,True,0.9893443972325126,0.9810331008666425,0.21230731962274108,0.08,-0.003054704891553254,-0.9093443972325126,-0.9010331008666426,0.14079025911273324,0.5295827787047993,0.5295827787047993,0.38879251959206607,True,False,False,False,True,0.8438078866762627,0.8438078866762627,0.1724865180765242
8,0,False,0.7573881310273416,0.7677438199823627,0.13502543665232614,0.624314096128563,0.624314096128563,-0.13307403489877856,-0.1434297238537997,0.08637360627690663,0.0,-0.14957761688596655,-0.08637360627690663,False,False,True,False,True,0.604102564102564,0.604102564102564,0.2518610921294009
9,1,True,1.0065366852954307,1.0161707531032247,0.21120253184922694,0.1430531448615714,0.1430531448615714,-0.8634835404338593,-0.8731176082416533,0.19159862575310363,0.4495436600376084,0.4495436600376084,0.25794503428450477,False,False,False,False,False,0.9816247332330859,0.9724370998496288,0.14185880685755262
10,0,True,0.7804717975116737,0.7866468678817549,0.14139296015968433,0.08526240275851484,0.08526240275851484,-0.6952093947531589,-0.70138446512324,0.2203319446906587,0.45032601281527157,0.45032601281527157,0.22999406812461287,False,False,False,False,False,0.9572301389320114,0.9572301389320114,0.1736717585537415
11,1,True,0.9452420391136918,0.9484906122614115,0.12773202790008503,0.08,-0.33440139443015515,-0.8652420391136918,-0.8684906122614116,0.08821909229027786,0.6,0.7455783870764966,0.5117809077097222,True,False,False,True,True,0.4938060035842294,0.4938060035842294,0.23089561514431006
12,0,True,0.8247538620792505,0.8280306703494474,0.15103005208427944,1.1344091031997336,1.1344091031997336,0.30965524112048315,0.3063784328502862,0.22528241619342157,0.0,-0.345847193677467,-0.22528241619342157,False,False,True,False,True,0.604102564102564,0.604102564102564,0.2103566383255147
13,1,True,0.790634870330769,0.7920558062676244,0.13071229098042728,0.08,0.05142399770906432,-0.710634870330769,-0.7120558062676244,0.11617982649521724,0.4193386127694435,0.4193386127694435,0.30315878627422627,True,False,False,False,True,0.6370025985410601,0.6370025985410601,0.17443360365085303
14,1,True,0.6695766034685156,0.6693945078802681,0.12632163408541044,0.08,-0.3423872647897625,-0.5895766034685156,-0.5893945078802681,0.23400775369916466,0.6,0.7312781237804584,0.3659922463008353,True,False,False,True,True,0.8638187186888291,0.7957280780332437,0.1820274161545096
15,1,True,1.022572781637161,1.0217618370796409,0.09928729214861771,0.08,-0.13722923726542685,-0.9425727816371611,-0.9417618370796409,0.10494039979661642,0.6,0.6803850989842252,0.4950596002033836,True,False,False,True,True,0.6370496838724263,0.6370496838724263,0.1763057288707914
16,1,True,1.0353402513481063,1.0277393255496785,0.10542929141053939,0.21562257990198058,0.21562257990198058,-0.8197176714461256,-0.8121167456476979,0.14850885041072112,0.3034168630507996,0.3034168630507996,0.1549080126400785,False,False,False,False,False,0.8263247863247862,0.7394871794871795,0.18562790484434202
17,0,True,0.9377994643922205,0.9397072136173166,0.151342220829849,0.08,-1.1179709408828105,-0.8577994643922205,-0.8597072136173166,0.16639164554256036,0.6,1.3446052877525974,0.4336083544574396,True,False,False,True,True,0.8086485661989018,0.8086485661989018,0.16007550819965563
18,1,True,0.6195336433209077,0.6230497858577131,0.1021280828480855,0.08,-0.08068224285330142,-0.5395336433209077,-0.5430497858577131,0.20901596359892477,0.5117631632540474,0.5117631632540474,0.3027471996551226,True,False,False,False,True,0.6509098694069793,0.6509098694069793,0.1284032929979372
19,1,True,0.6190227644975841,0.6198388550190008,0.08043403977300348,0.08,-0.2893006081962146,-0.5390227644975841,-0.5398388550190009,0.22140423982103097,0.6,0.6356044209748477,0.378595760178969,True,False,False,True,True,0.6423689320388349,0.6423689320388349,0.1642390115440328
20,1,True,0.6736512885465814,0.6723833672698791,0.10879726401100175,0.39811479503175307,0.39811479503175307,-0.27553649351482834,-0.27426857223812606,0.14982726872502225,0.10079265456775496,0.10079265456775496,-0.04903461415726729,False,False,False,False,False,1.0,1.0,0.047220974007824476
21,1,True,0.8983047742348591,0.8961316881438972,0.15980532605299558,0.08,-0.908501697597105,-0.8183047742348591,-0.8161316881438972,0.14124554080439133,0.6,1.1268032039650662,0.45875445919560864,True,False,False,True,True,0.9577689450029876,0.9366534175044814,0.11481652159153241
22,1,True,0.610202920780681,0.6169843053385806,0.12268111245975322,0.08,-0.47721887733655866,-0.530202920780681,-0.5369843053385807,0.23637926217900723,0.6,0.7891371593202664,0.36362073782099275,True,False,False,True,True,0.6489387042819489,0.6489387042819489,0.1352096884956548
23,0,True,0.6673064560956111,0.6748397312083644,0.08977701173004657,0.08,-0.24521599718045542,-0.5873064560956112,-0.5948397312083644,0.08829705965036908,0.5332515583893885,0.5332515583893885,0.4449544987390195,True,False,False,False,True,0.9709483920010236,0.9709483920010236,0.16741889071429122
24,0,True,0.7812694656325488,0.7729786163472456,0.12624187967425204,0.08,-1.1323888045872517,-0.7012694656325489,-0.6929786163472457,0.07516136470895238,0.6,1.2368336101219077,0.5248386352910476,True,False,False,True,True,0.8686751369678198,0.8686751369678198,0.14297220941010783
25,0,False,0.6451348296913828,0.6440221326154546,0.12425354188235914,0.4507445598557102,0.4507445598557102,-0.1943902698356726,-0.1932775727597444,0.15327429103386384,0.03346875928495205,0.03346875928495205,-0.11980553174891179,False,False,False,False,False,0.604102564102564,0.604102564102564,0.2600767877304691
26,0,True,1.0403416140196764,1.0325218452491816,0.20784604525762582,0.08,-0.5360120249252388,-0.9603416140196764,-0.9525218452491816,0.061255302917931846,0.6,0.8234342758495274,0.5387446970820682,True,False,False,True,True,0.7566511158744168,0.7566511158744168,0.1895014041283872
27,0,True,1.1195142383524823,1.113086863129519,0.1943866464631437,0.08,-0.05292677190042403,-1.0395142383524822,-1.033086863129519,0.08712195632768106,0.5657809984698761,0.5657809984698761,0.478659042142195,True,False,False,False,True,0.9671992662072965,0.9671992662072965,0.17138066057535592
28,1,True,1.026655438614831,1.0210507410103666,0.08739304228775718,0.08,-0.837479524564645,-0.946655438614831,-0.9410507410103667,0.22327540910834373,0.6,1.3071566419003111,0.3767245908916562,True,False,False,True,True,0.6245463646602428,0.6245463646602428,0.12396538047091213
29,1,True,0.7378035328083448,0.7408877212399512,0.11257573176435673,0.08,-1.2037978123988122,-0.6578035328083448,-0.6608877212399512,0.23243651422461142,0.6,1.2295763346298443,0.36756348577538855,True,False,False,True,True,0.9266940842335871,0.8900411263503808,0.14047510423623102
30,0,True,0.7409054380604987,0.7374769892317374,0.11689471133618437,0.4199191745458945,0.4199191745458945,-0.3209862635146042,-0.31755781468584293,0.22868350640915183,0.17373572001008925,0.17373572001008925,-0.05494778639906259,False,False,False,False,False,1.0,1.0,0.036174745268429016
31,0,True,1.146848914419457,1.1514928954265413,0.1418842097493698,0.08,-0.01726918986599902,-1.0668489144194568,-1.0714928954265412,0.07291708950669298,0.5045850557232845,0.5045850557232845,0.43166796621659154,True,False,False,False,True,0.963295994322683,0.963295994322683,0.17173822412568018
32,1,True,0.8559421796010247,0.8647384623226935,0.1204129173922171,0.08,-0.3611541630809461,-0.7759421796010247,-0.7847384623226935,0.0910119755357088,0.6,0.741157894270862,0.5089880244642911,True,False,False,True,True,0.6528810276567262,0.6528810276567262,0.1550567046524851
33,0,True,0.8030868758815708,0.8047415932583996,0.09258389039758885,0.08,-0.1516755414995792,-0.7230868758815708,-0.7247415932583996,0.1448560780474892,0.5712549724635546,0.5712549724635546,0.4263988944160654,True,False,False,False,True,0.9980069447133691,0.9980069447133691,0.16063781732432755
34,1,True,0.6651883111880073,0.6638712522535001,0.10924269365529533,0.08,-0.25021480399469276,-0.5851883111880073,-0.5838712522535001,0.1686478869684926,0.6,0.607542614772376,0.4313521130315074,True,False,False,True,True,0.9711286089238845,0.9566929133858267,0.17068050475775687
35,1,True,0.6142177907304676,0.6237271101882308,0.09016796544690255,0.08,-0.3660231449521004,-0.5342177907304676,-0.5437271101882308,0.08702740525967663,0.5757419097581711,0.5757419097581711,0.48871450449849446,True,False,False,False,True,0.9776860518445311,0.9665290777667965,0.15610941231365028
36,0,False,0.7597300474770231,0.7635238535160339,0.07549697268359276,0.7182864232530579,0.7182864232530579,-0.04144362422396519,-0.045237430262976,0.11798506413487289,0.0,-0.139984211159458,-0.11798506413487289,False,False,True,False,True,0.604102564102564,0.604102564102564,0.24823723289529315
37,0,True,0.609365658952553,0.6074129448258972,0.07514422197784794,0.08,-0.3327053141132569,-0.529365658952553,-0.5274129448258973,0.20954087580521666,0.6,0.6190135869696961,0.39045912419478335,True,False,False,True,True,0.9501357129656669,0.9501357129656669,0.11366525995178663
38,1,True,0.8514898304698462,0.8607193085515257,0.16446330687399904,0.08,-0.3063590008964003,-0.7714898304698462,-0.7807193085515257,0.10144728457069403,0.6,0.6811114828356615,0.49855271542930596,True,False,False,True,True,0.6574898785425102,0.6574898785425102,0.1331920191675245
39,1,True,1.023052742833511,1.0317181998326672,0.1191565353078817,0.08,-0.7579794232831528,-0.943052742833511,-0.9517181998326673,0.12470743464078211,0.6,1.1054097094979545,0.4752925653592179,True,False,False,True,True,0.6410547192576367,0.6410547192576367,0.11932813915440477
40,1,True,0.6080174888562264,0.606909022468259,0.1259980103632347,0.08,-0.3291614103904801,-0.5280174888562265,-0.526909022468259,0.20651307030054292,0.6,0.6377903895828486,0.3934869296994571,True,False,False,True,True,0.965878736211217,0.9488181043168256,0.1571216285679973
41,1,True,0.8945057331369841,0.8972655274039515,0.08961282199395507,0.5850006610034848,0.5850006610034848,-0.3095050721334993,-0.3122648664004667,0.11327901843976726,0.017638796301636547,0.017638796301636547,-0.09564022213813071,False,False,False,False,False,1.0,1.0,0.01549002087836692
42,0,True,1.0994267835099314,1.1019456137978878,0.10471689785204527,0.08,-0.2580333364151067,-1.0194267835099313,-1.0219456137978877,0.15392244014558498,0.6,0.8813749001090927,0.446077559854415,True,False,False,True,True,0.985922247469171,0.985922247469171,0.15338414287189545
43,1,True,0.779708249334427,0.7859632636993038,0.1611456836597344,0.1495189982325845,0.1495189982325845,-0.6301892511018424,-0.6364442654667193,0.22292843827154699,0.4615650346881349,0.4615650346881349,0.23863659641658794,False,False,False,False,False,0.9829363925869942,0.9744045888804914,0.14571950641455425
44,1,True,0.6569144525279944,0.6517644376084228,0.09273405464594894,0.5614753232031663,0.5614753232031663,-0.09543912932482812,-0.09028911440525655,0.17565535006077204,0.018600377095755127,0.018600377095755127,-0.15705497296501691,False,False,False,False,False,0.8263247863247862,0.7394871794871795,0.17874078263855706
45,1,True,1.0900881408606344,1.0908947725194942,0.20444016718212457,1.180709747971947,1.180709747971947,0.09062160711131262,0.08981497545245287,0.07907628173694038,0.0,-0.4404141006623501,-0.07907628173694038,False,False,True,False,True,0.8263247863247862,0.7394871794871795,0.20458025566754232
46,0,True,0.7089926054995672,0.7056998931874452,0.11550173185093902,0.08,-0.14445003321821973,-0.6289926054995673,-0.6256998931874452,0.14718974977157362,0.5128912463524401,0.5128912463524401,0.3657014965808665,True,False,False,False,True,0.9803467418374251,0.9803467418374251,0.15375858552008972
47,0,True,1.0721471004790963,1.06773368435075,0.11548304727373401,0.08,-0.48054848064608496,-0.9921471004790964,-0.9877336843507499,0.08697457846024086,0.6,0.9689953640715151,0.5130254215397592,True,False,False,True,True,0.9764146753351803,0.9764146753351803,0.15914135764702333
48,0,True,1.0432829789105873,1.0381059262346575,0.22835264499360422,0.08,0.05075386832991107,-0.9632829789105873,-0.9581059262346575,0.2230175009265963,0.5631732138567621,0.5631732138567621,0.3401557129301658,True,False,False,False,True,0.6228279309788743,0.6228279309788743,0.22720365148737864
49,0,True,0.9366990895495939,0.9394280030533236,0.16416433296315858,0.08,-0.24131986399140454,-0.856699089549594,-0.8594280030533237,0.15724368761686175,0.6,0.6766024951654102,0.44275631238313823,True,False,False,True,True,0.9725988319142628,0.9725988319142628,0.1644388753575797
50,0,True,0.9203605161858295,0.9214897010378955,0.11133461239579757,0.08,-0.005789064325979891,-0.8403605161858295,-0.8414897010378956,0.21105132227594095,0.43520605424463804,0.43520605424463804,0.2241547319686971,True,False,False,False,True,0.984070833074743,0.984070833074743,0.11952276925154515
51,1,True,1.0879231079969731,1.0886862540672384,0.21077850034282145,0.08,-0.6614505766842658,-1.007923107996973,-1.0086862540672383,0.227906043741552,0.6,0.9818122953084456,0.372093956258448,True,False,False,True,True,0.9908007797089414,0.9862011695634121,0.11231263048433224
52,1,True,1.143702171083797,1.1478217977220613,0.1257931893642834,0.09395978137685283,0.09395978137685283,-1.049742389706944,-1.0538620163452084,0.10067219081345376,0.5418572168829674,0.5418572168829674,0.44118502606951365,False,False,False,False,False,0.6489461358313817,0.6489461358313817,0.10266552324132092
53,1,True,0.6031196152864442,0.6047019090568414,0.058017158125471466,0.08,-0.32121455790929226,-0.5231196152864442,-0.5247019090568414,0.22583722203330636,0.6,0.6269103014122912,0.3741627779666936,True,False,False,True,True,0.9868715531366133,0.9803073297049201,0.14274913885713172
54,1,True,0.6166958098110689,0.6170947581796259,0.09958860050713327,0.08,-0.02324939753813823,-0.5366958098110689,-0.5370947581796259,0.0657969202331261,0.3625858160914792,0.3625858160914792,0.2967888958583531,True,False,False,False,True,0.5727077720248495,0.5727077720248495,0.1494448336235441
55,0,True,0.9746832671295694,0.9779435368659921,0.08882945792532804,0.08,-0.6229720179614878,-0.8946832671295695,-0.8979435368659922,0.19628814997384317,0.6,1.1468496604271154,0.40371185002615684,True,False,False,True,True,0.7613801329512561,0.7613801329512561,0.18597750095881008
56,1,True,0.6817299750795618,0.6778316947837182,0.09260848567538395,0.4532328842725078,0.4532328842725078,-0.228497090807054,-0.2245988105112104,0.15262139524255047,0.045622785251624776,0.045622785251624776,-0.1069986099909257,False,False,False,False,False,1.0,1.0,0.03415375861845814
57,0,True,1.1195662680802307,1.1102089599008347,0.1963912614872794,0.08,-0.2848586455882285,-1.0395662680802307,-1.0302089599008346,0.06303897556670678,0.6,0.7483086727201967,0.5369610244332932,True,False,False,True,True,0.9708360092176344,0.9708360092176344,0.15633660650621947
58,1,True,1.1412700571196077,1.1455661145753544,0.22626059102480284,0.08,-0.12923893244221854,-1.0612700571196076,-1.0655661145753543,0.11876627316571974,0.5545755013268776,0.5545755013268776,0.43580922816115786,True,False,False,False,True,0.9816247332330859,0.9724370998496288,0.1541250330985414
59,1,True,1.103971788877487,1.1043114124374498,0.10638543949213299,0.7126401722837885,0.7126401722837885,-0.3913316165936984,-0.3916712401536613,0.10611085309105642,0.0019671330193463594,0.0019671330193463594,-0.10414372007171006,False,False,False,False,False,0.8263247863247862,0.7394871794871795,0.21823302386972832
60,1,True,0.8865474750384523,0.8854140926577444,0.08797277907396768,0.08,-0.6340217393606812,-0.8065474750384524,-0.8054140926577444,0.23206288707558653,0.6,0.9010629469043184,0.36793711292441345,True,False,False,True,True,0.9881757346523131,0.9822636019784696,0.10001225598447887
61,1,True,0.9449921568754623,0.9433990050576593,0.07731144832902768,0.08,-0.45704915012624686,-0.8649921568754624,-0.8633990050576593,0.1574529850790735,0.6,0.8079196249430339,0.4425470149209265,True,False,False,True,True,0.9907947787032184,0.9861921680548276,0.09778445278077441
62,0,True,0.6965228310244087,0.6908499238080243,0.11000746798165154,0.31365904593604416,0.31365904593604416,-0.38286378508836455,-0.3771908778719802,0.15848474716364985,0.21942603854378404,0.21942603854378404,0.06094129138013418,False,False,False,False,False,0.604102564102564,0.604102564102564,0.18260387971980205
63,0,True,1.0885173156447991,1.0903965118568018,0.17722133334668788,0.6929199423089933,0.6929199423089933,-0.3955973733358058,-0.3974765695478084,0.13938608426101484,0.0032209624173989222,0.0032209624173989222,-0.13616512184361593,False,False,False,False,False,1.0,1.0,0.019220852804192362
64,1,True,1.1304515826523684,1.1167057741751032,0.17902886487119157,0.08,0.04803852981251274,-1.0504515826523684,-1.0367057741751031,0.1393459601826249,0.5768934689371665,0.5768934689371665,0.4375475087545416,True,False,False,False,True,0.6383018690710999,0.6383018690710999,0.17244420368325808
65,1,True,1.0595696561392831,1.0524916132787572,0.1547725810513014,0.2999920177239277,0.2999920177239277,-0.7595776384153554,-0.7524995955548295,0.062376132632296404,0.15640287156570423,0.15640287156570423,0.09402673893340782,False,False,False,False,False,1.0,1.0,0.037025064653533425
66,1,True,0.9247687329072578,0.9222539736241486,0.09712340741375339,0.28970802535935797,0.28970802535935797,-0.6350607075478998,-0.6325459482647906,0.07660428620615131,0.2754300813115039,0.2754300813115039,0.19882579510535262,False,False,False,False,False,0.9934223900289648,0.9901335850434472,0.05560463167233053
67,1,True,1.068490419224756,1.0791732357389732,0.12658860745435435,0.08,-0.3005675255355332,-0.988490419224756,-0.9991732357389732,0.1933258596211916,0.6,1.020013043350191,0.4066741403788084,True,False,False,True,True,0.6344744035785288,0.6344744035785288,0.17911881580281577
68,1,True,0.669261150214153,0.671118771427995,0.06012255435927675,0.08,-0.38804333462367474,-0.589261150214153,-0.5911187714279951,0.21852699269627157,0.6,0.8022404052551274,0.3814730073037284,True,False,False,True,True,0.6489352881122288,0.6489352881122288,0.10433154266301752
69,0,True,1.0229822017788373,1.0232083043549225,0.11192708379819359,0.2540655648930625,0.2540655648930625,-0.7689166368857747,-0.76914273946186,0.09518374262020743,0.2556028671214036,0.2556028671214036,0.1604191245011962,False,False,False,False,False,0.8932273964540572,0.8932273964540572,0.10821419081173007
70,0,True,0.6814813650346776,0.6742432875557027,0.13189659347394933,0.08,-0.02752594091845379,-0.6014813650346776,-0.5942432875557028,0.11867776019587037,0.35035124407901697,0.35035124407901697,0.2316734838831466,True,False,False,False,True,0.8787835695981276,0.8787835695981276,0.13559574796997537
71,1,True,0.8230596182113923,0.8216951347146966,0.1734685757615263,0.08,-0.5791548421554653,-0.7430596182113923,-0.7416951347146966,0.2271166296218123,0.6,0.8546233663707339,0.37288337037818764,True,False,False,True,True,0.6482765062327543,0.6482765062327543,0.12834696310944532
72,1,True,0.681808204630927,0.6850448119498266,0.09295631140087056,0.08,-0.22291179204256553,-0.601808204630927,-0.6050448119498266,0.14457266299805688,0.5444204233530813,0.5444204233530813,0.3998477603550244,True,False,False,False,True,0.9960549051585222,0.9940823577377833,0.09389918710403168
73,0,True,0.8842176561967223,0.8785117383251458,0.08283470966337184,0.28010526950938897,0.28010526950938897,-0.6041123866873334,-0.5984064688157569,0.21577999630982117,0.3349925097606325,0.3349925097606325,0.11921251345081132,False,False,False,False,False,0.604102564102564,0.604102564102564,0.22330288715091234
74,0,False,0.862475557397675,0.8582385144293158,0.1143989441377303,0.7590583915044605,0.7590583915044605,-0.10341716589321448,-0.09918012292485523,0.11299587473539931,0.0,-0.212559292766841,-0.11299587473539931,False,False,True,False,True,0.604102564102564,0.604102564102564,0.24893064928664502
75,1,True,0.7605888986406899,0.7642393815215284,0.07295430551568405,0.08,-0.21296976170801862,-0.6805888986406899,-0.6842393815215284,0.17628878697770395,0.582583904717342,0.582583904717342,0.40629511773963806,True,False,False,False,True,0.9855597720263222,0.9783396580394832,0.157907239597467
76,0,True,0.7244013378186699,0.7172430516462701,0.1424055255213672,0.12017290879087048,0.12017290879087048,-0.6042284290277994,-0.5970701428553996,0.1493349352971897,0.2959138875174897,0.2959138875174897,0.1465789522203,False,False,False,False,False,0.8997463357199131,0.8997463357199131,0.11203006040221948
77,1,True,0.7926982904929752,0.7915504013582674,0.09144980318491816,0.11806698245903076,0.11806698245903076,-0.6746313080339444,-0.6734834188992366,0.21873859906639545,0.39711458724334253,0.39711458724334253,0.17837598817694708,False,False,False,False,False,0.651566699290053,0.651566699290053,0.14699126404726132
78,1,True,0.7809799924686898,0.7815457901968375,0.0726220467049268,0.08,0.04231115161951061,-0.7009799924686898,-0.7015457901968375,0.08071150434052683,0.30431950412062775,0.30431950412062775,0.22360799978010093,True,False,False,False,True,0.9816247332330859,0.9724370998496288,0.16182997997792137
79,0,True,1.0404476509858083,1.0435339506263934,0.10963344385354443,0.08,-0.21226935645099476,-0.9604476509858083,-0.9635339506263935,0.2121881450180741,0.6,0.7895908285836617,0.3878118549819259,True,False,False,True,True,0.9322145186341717,0.9322145186341717,0.12115708174154322
80,1,True,0.6231487304629524,0.622256014420684,0.10153996846086837,0.1993085872293304,0.1993085872293304,-0.42384014323362196,-0.4229474271913536,0.2252950016467869,0.30996393838053243,0.30996393838053243,0.08466893673374554,False,False,False,False,False,0.832806180793797,0.7492092711906954,0.17321316364096281
81,1,True,1.0450520614066983,1.038835937889806,0.1663727610615095,0.08,-0.6273241825976393,-0.9650520614066983,-0.958835937889806,0.20418851794544024,0.6,1.0632458866911798,0.39581148205455974,True,False,False,True,True,0.6384012400584659,0.6384012400584659,0.13606467278142495
82,0,True,0.7831720473693942,0.7860920803074257,0.13151480691846992,0.36675601914928446,0.36675601914928446,-0.4164160282201097,-0.41933606115814126,0.08999506329595369,0.11896188318244481,0.11896188318244481,0.02896681988649112,False,False,False,False,False,1.0,1.0,0.04463746116714352
83,1,True,1.0545686090200355,1.0550159816966587,0.200555066939565,0.08,-1.1303280645597322,-0.9745686090200355,-0.9750159816966587,0.10354679331549878,0.6,1.3502158832369315,0.4964532066845012,True,False,False,True,True,0.935991935991936,0.903987903987904,0.13250751200746827
84,0,True,0.7599239230665237,0.7503530238626006,0.1530380251721581,0.08,-0.4850482074727704,-0.6799239230665237,-0.6703530238626006,0.07084895261290958,0.6,0.7622014742699235,0.5291510473870904,True,False,False,True,True,0.9746248467149593,0.9746248467149593,0.1388018774674044
85,1,True,0.6697261759869144,0.6699822290714098,0.14713326118725784,0.08,-0.510185484711649,-0.5897261759869145,-0.5899822290714098,0.08461202682281616,0.6,0.6916968385304832,0.5153879731771838,True,False,False,True,True,0.6449916315606751,0.6449916315606751,0.1485381934386059
86,0,True,1.0010649823853395,1.00896068063067,0.193083216449181,0.16024916849536988,0.16024916849536988,-0.8408158138899696,-0.8487115121353,0.11387608719172918,0.34346905384255916,0.34346905384255916,0.22959296665082998,False,False,False,False,False,0.9747245413219497,0.9747245413219497,0.14372788096056027
87,0,True,1.0147148184767647,1.0114978441503226,0.1985685054442181,0.14776526832163991,0.14776526832163991,-0.8669495501551248,-0.8637325758286827,0.15957575359147472,0.2916525342050927,0.2916525342050927,0.13207678061361797,False,False,False,False,False,0.9747245413219497,0.9747245413219497,0.13734949491721224
88,0,True,0.6067917944747316,0.6101288400659195,0.12378772162500443,0.08,0.02833405336867429,-0.5267917944747317,-0.5301288400659195,0.1796887188745253,0.37727586428786114,0.37727586428786114,0.19758714541333583,True,False,False,False,True,0.9575446940240152,0.9575446940240152,0.16152517686893794
89,1,True,0.6870841882996118,0.6895962095302647,0.12351577978811945,0.08,-0.6155920625886303,-0.6070841882996119,-0.6095962095302647,0.09759787811630943,0.6,0.8516052185341381,0.5024021218836905,True,False,False,True,True,0.6555099757598359,0.6555099757598359,0.12242800484397376
90,0,True,1.1384284083081628,1.1388069755516443,0.1174953144557666,0.08,0.03179415739104714,-1.0584284083081628,-1.0588069755516443,0.17637231012917876,0.6,0.6378632652202112,0.4236276898708212,True,False,False,True,True,0.97231561392537,0.97231561392537,0.1359301854839218
91,0,True,0.697132997755234,0.7006288133812102,0.10239247563080388,0.08,-0.20432141192168432,-0.617132997755234,-0.6206288133812102,0.06379949463710387,0.6,0.6059578856909281,0.5362005053628961,True,False,False,True,True,0.9287331628455577,0.9287331628455577,0.1891847188215346
92,0,True,0.6944191415031374,0.6993743177772979,0.12791607864651874,0.08,-0.10954221625005828,-0.6144191415031375,-0.6193743177772979,0.1732678347313484,0.5073824206844292,0.5073824206844292,0.33411458595308074,True,False,False,False,True,0.9782714884283835,0.9782714884283835,0.1495568698760251
93,0,True,0.9724711986397586,0.976162613662019,0.17046467423832967,0.08,-0.0736730765187293,-0.8924711986397587,-0.896162613662019,0.10562980562705596,0.6,0.6368975372899482,0.49437019437294405,True,False,False,True,True,0.9881685823754789,0.9881685823754789,0.14872671123521503
94,0,True,0.6527038165150589,0.6450802726161098,0.05345859281820148,0.08,-0.3691103677013517,-0.572703816515059,-0.5650802726161098,0.0956050254785814,0.6,0.6151488661574637,0.5043949745214186,True,False,False,True,True,0.9745069853627683,0.9745069853627683,0.14480797703388135
95,1,False,0.7143388426485646,0.7233503162798945,0.14680416381270123,0.22655282384842754,0.22655282384842754,-0.48778601880013706,-0.496797492431467,0.20458415327282198,0.3006668129151566,0.3006668129151566,0.09608265964233464,False,False,False,False,False,0.8263247863247862,0.7394871794871795,0.264973367459048
96,0,True,1.04972036338371,1.0498565322163251,0.10175201737187392,0.948887814981944,0.948887814981944,-0.10083254840176603,-0.10096871723438117,0.18490649816814517,0.0,-0.22260783672244228,-0.18490649816814517,False,False,True,False,True,0.604102564102564,0.604102564102564,0.20675628501878632
97,0,True,1.1205442162414765,1.121561780385867,0.166982616446873,0.08,-0.24274793369330583,-1.0405442162414764,-1.041561780385867,0.062363609708034194,0.589143434705221,0.589143434705221,0.5267798249971868,True,False,False,False,True,0.9727231110430887,0.9727231110430887,0.1658646452880302
98,1,False,1.1394938730375275,1.1447203676912716,0.19106225511804723,1.1574066618643568,1.1574066618643568,0.01791278882682934,0.0126862941730852,0.19810331281535806,0.0,-0.33041446054786633,-0.19810331281535806,False,False,True,False,True,0.8263247863247862,0.7394871794871795,0.2413190372369226
99,1,True,0.9242204841562852,0.9203652265742068,0.18497586843418723,0.5888869239260299,0.5888869239260299,-0.3353335602302553,-0.3314783026481769,0.20569492947054485,0.0,-0.005175558337898846,-0.20569492947054485,False,False,True,False,True,1.0,1.0,0.026582270947211082
100,0,True,0.9605008146636529,0.9587137176694123,0.10607441612061369,0.08,-0.02709260159563024,-0.8805008146636529,-0.8787137176694123,0.20306741879061574,0.47262871704521764,0.47262871704521764,0.2695612982546019,True,False,False,False,True,0.9536633067914101,0.9536633067914101,0.1718796964544178
101,0,True,0.6028321400253167,0.6052871865799039,0.06563265932651652,0.08,-0.2550189869656307,-0.5228321400253167,-0.5252871865799039,0.13889460432303297,0.5577051694342544,0.5577051694342544,0.41881056511122144,True,False,False,False,True,0.9802754925705744,0.9802754925705744,0.1421278629698179
102,0,True,0.7364924677322889,0.7339417742702107,0.12856685946412547,0.4739713706701404,0.4739713706701404,-0.26252109706214855,-0.2599704036000703,0.08732039456119121,0.008961011151189795,0.008961011151189795,-0.07835938341000143,False,False,False,False,False,0.604102564102564,0.604102564102564,0.20672153009808356
103,0,True,0.7750229124174142,0.7793700376976386,0.11526057171560973,0.08,-0.3716003631583697,-0.6950229124174142,-0.6993700376976386,0.07849514426246491,0.5987912692666202,0.5987912692666202,0.5202961250041552,True,False,False,False,True,0.988118689977838,0.988118689977838,0.12567261404390312
104,1,True,0.9695365750602337,0.9547590736612501,0.20816686022754258,0.3954992743470501,0.3954992743470501,-0.5740373007131836,-0.5592597993142,0.2383672018845869,0.19989405605839541,0.19989405605839541,-0.03847314582619149,False,False,False,False,False,0.8263247863247862,0.7394871794871795,0.21418741490779805
105,0,True,0.6967449996107786,0.692438763220129,0.10457648159526099,0.08094589081397335,0.08094589081397335,-0.6157991087968053,-0.6114928724061557,0.12930197812572594,0.2620965606137524,0.2620965606137524,0.13279458248802647,False,False,False,False,False,0.9687854509359046,0.9687854509359046,0.16076386422812708
106,1,True,0.931672900001094,0.9334287599267354,0.07904489584766185,0.08,-0.7576116362242337,-0.8516729000010941,-0.8534287599267354,0.14598271213268782,0.6,1.1005595680041402,0.45401728786731216,True,False,False,True,True,0.6515663736759071,0.6515663736759071,0.13055767862514342
107,0,True,0.7567011875856063,0.7572423589622914,0.1174346221443643,0.08,-0.9015494996566935,-0.6767011875856064,-0.6772423589622915,0.12424810324142249,0.6,1.096652246608092,0.4757518967585775,True,False,False,True,True,0.7572196067073923,0.7572196067073923,0.187634385945619
108,1,True,0.6856820902514064,0.6921448388747324,0.13794149420970298,0.08,-0.5241118019403999,-0.6056820902514064,-0.6121448388747325,0.17513126758078573,0.6,0.738593885721126,0.42486873241921425,True,False,False,True,True,0.9908056319382768,0.9862084479074151,0.13058222843737766
109,0,True,1.1478481800962965,1.1550340030816857,0.12659676727392896,0.33902746002838613,0.33902746002838613,-0.8088207200679104,-0.8160065430532996,0.22156187209391068,0.37420969413922744,0.37420969413922744,0.15264782204531677,False,False,False,False,False,0.9602735459408219,0.9602735459408219,0.08956119561615508
110,1,True,0.6691312109691936,0.6681178801385819,0.0856579165350241,0.08,-0.16248811229303825,-0.5891312109691936,-0.5881178801385819,0.07517918617148935,0.46332641692937987,0.46332641692937987,0.38814723075789054,True,False,False,False,True,0.6436484979845783,0.6436484979845783,0.1602184002094727
111,1,True,0.8965832048386501,0.8949629471911886,0.07987660240553526,0.08,-0.42514371037797133,-0.8165832048386501,-0.8149629471911887,0.23575322480439673,0.6,0.9763266949929922,0.3642467751956032,True,False,False,True,True,0.6443323053920195,0.6443323053920195,0.11696204877206236
112,1,True,0.8957302192810161,0.8792596884969076,0.17383084438521457,0.08,-0.10249306682664336,-0.8157302192810162,-0.7992596884969076,0.09189210965449088,0.45569869598889884,0.45569869598889884,0.363806586334408,True,False,False,False,True,0.6463104918567534,0.6463104918567534,0.16629350412992233
113,1,True,0.9111485840309614,0.9116598635329463,0.1889282214837882,0.08,-0.0751434916248386,-0.8311485840309615,-0.8316598635329463,0.09415683977416864,0.45649143232210054,0.45649143232210054,0.3623345925479319,True,False,False,False,True,0.650252427184466,0.650252427184466,0.15203766442659578
114,1,True,0.9284116197268645,0.9314156900995175,0.21079195335542222,0.08,-0.005737413537249772,-0.8484116197268645,-0.8514156900995176,0.1833617015342791,0.42694120298896754,0.42694120298896754,0.24357950145468843,True,False,False,False,True,0.9658745045757309,0.9488117568635962,0.18919936236548165
115,1,True,0.7624079181365131,0.7592465140714425,0.15727996518206155,0.4499213568175878,0.4499213568175878,-0.31248656131892527,-0.3093251572538547,0.2124374445638934,0.1403007459428596,0.1403007459428596,-0.0721366986210338,False,False,False,False,False,0.8263247863247862,0.7394871794871795,0.22365468940854769
116,1,True,0.9657284292952515,0.9703662136680183,0.17145891273931718,0.08,-0.08006258762778123,-0.8857284292952515,-0.8903662136680184,0.23045374499733645,0.5636949292275543,0.5636949292275543,0.3332411842302178,True,False,False,False,True,0.9750655201765976,0.9625982802648966,0.16108510169813464
117,1,True,0.8453936748744115,0.8466780805157931,0.07766221541750787,0.39053291325230544,0.39053291325230544,-0.4548607616221061,-0.45614516726348764,0.2223431214072253,0.28847185155482596,0.28847185155482596,0.06612873014760065,False,False,False,False,False,0.8715995026396787,0.8073992539595181,0.12537504114424095
118,0,True,0.806460844493512,0.7965770602683523,0.10491247864789525,0.08,-0.057581523999750514,-0.726460844493512,-0.7165770602683523,0.20390542596950886,0.4834802542432339,0.4834802542432339,0.27957482827372504,True,False,False,False,True,0.9759401106407758,0.9759401106407758,0.09679718485091306
119,0,True,1.1054103682964525,1.0993894669200512,0.0972666356346126,0.08,-0.3840115203382734,-1.0254103682964524,-1.0193894669200512,0.1663876057593946,0.6,0.7908449673923224,0.4336123942406054,True,False,False,True,True,0.9822896513753049,0.9822896513753049,0.1260961829394198
120,0,True,0.6805669213450662,0.682576821159967,0.09532715827973895,0.08,-0.23730327887820016,-0.6005669213450663,-0.602576821159967,0.21700488396658635,0.5599383738995893,0.5599383738995893,0.342933489933003,True,False,False,False,True,0.9784238976207001,0.9784238976207001,0.1336882742114002
121,0,True,0.6112598256342292,0.6073563453459362,0.11071221334096097,0.08,-0.5299472825718347,-0.5312598256342292,-0.5273563453459362,0.14838970315054908,0.6,0.8154090588884462,0.45161029684945087,True,False,False,True,True,0.7516517551360756,0.7516517551360756,0.1675487398605879
122,0,True,0.8911465864515422,0.8943082067975104,0.17336347745736214,0.08,-0.641582573243704,-0.8111465864515423,-0.8143082067975105,0.13812849101812635,0.6,1.0404955160833227,0.4618715089818736,True,False,False,True,True,0.9802809706257981,0.9802809706257981,0.1317254323127739
123,1,True,1.0407695566068351,1.0452274446205454,0.0872080311870554,0.08,-0.3446344777482828,-0.9607695566068352,-0.9652274446205454,0.17309573708262593,0.6,0.7969237449261904,0.42690426291737404,True,False,False,True,True,0.9685034488103542,0.9527551732155313,0.174800781379671
124,0,True,0.9455258235310859,0.9441219441568939,0.15516840835901866,0.2099256874611823,0.2099256874611823,-0.7356001360699036,-0.7341962566957116,0.17842058361376872,0.340839382716183,0.340839382716183,0.1624187991024143,False,False,False,False,False,0.604102564102564,0.604102564102564,0.1954809008063046
125,1,True,0.6697598873630878,0.6763922700640905,0.13078673870222118,0.08,-0.5021013666642837,-0.5897598873630878,-0.5963922700640906,0.2051409278591697,0.6,0.8629522918068138,0.39485907214083027,True,False,False,True,True,0.5896551724137931,0.5896551724137931,0.14511477234021783
126,0,True,0.7713568536073072,0.7717421477618303,0.16701825087405217,0.08,-0.5638318680890312,-0.6913568536073073,-0.6917421477618303,0.1596875790922988,0.6,0.7495551444567464,0.4403124209077012,True,False,False,True,True,0.9785287164511195,0.9785287164511195,0.14621533625993322
127,0,True,0.8243616977704813,0.8324033912136174,0.16078156316760273,0.3381039317090708,0.3381039317090708,-0.48625776606141047,-0.49429945950454657,0.22180573538785225,0.21522720621262453,0.21522720621262453,-0.006578529175227721,False,False,False,False,False,0.9940466550992867,0.9940466550992867,0.07179608367950059
128,1,True,0.6104819450634523,0.608947168362105,0.08958529886795667,0.08,-0.0750305095394153,-0.5304819450634524,-0.5289471683621051,0.2343436336757879,0.5044448414054588,0.5044448414054588,0.27010120772967083,True,False,False,False,True,0.9829316295977536,0.9743974443966303,0.14502935033541167
129,0,True,1.1110222942042514,1.1263827202030576,0.19711763166556512,0.08,-0.8004154572575816,-1.0310222942042513,-1.0463827202030576,0.1313167185271261,0.6,1.1235540509880397,0.46868328147287386,True,False,False,True,True,0.8668808480129234,0.8668808480129234,0.1451813301842825
130,0,True,0.6086797688354639,0.6085492683763558,0.0634764504147068,0.18291341749933646,0.18291341749933646,-0.4257663513361275,-0.4256358508770194,0.21582468149441134,0.153844653840293,0.153844653840293,-0.061980027654118336,False,False,False,False,False,0.9823619456693092,0.9823619456693092,0.12651119285478826
131,1,True,0.6416084341989161,0.643877595791023,0.11374434052543757,0.08,-0.2460609220651574,-0.5616084341989162,-0.563877595791023,0.18078247198923608,0.6,0.6359420623709193,0.4192175280107639,True,False,False,True,True,0.9685034488103542,0.9527551732155313,0.1585597245400506
132,0,True,1.0005417198338185,0.9917282866434531,0.175648104009106,0.08,-0.4784377684283124,-0.9205417198338185,-0.9117282866434532,0.20776599640619633,0.6,0.7817248324310401,0.39223400359380367,True,False,False,True,True,0.9822770983794932,0.9822770983794932,0.14859016170614775
133,1,True,0.8141278867836984,0.8128593519336635,0.16786180201863896,0.1289004852148384,0.1289004852148384,-0.68522740156886,-0.6839588667188251,0.13780338646100204,0.33856367670410975,0.33856367670410975,0.2007602902431077,False,False,False,False,False,0.9921160859781174,0.9881741289671762,0.0925297096571032
134,1,True,0.7802249138681794,0.7756277457631564,0.12237826445917796,0.08,-0.592471410296007,-0.7002249138681794,-0.6956277457631564,0.22612366764108985,0.6,0.910265432976102,0.37387633235891016,True,False,False,True,True,0.9684961240310077,0.9527441860465116,0.13004257957378293
135,1,True,0.952464411877705,0.9486827146113261,0.09256737930275027,0.08,-0.14366242357347464,-0.8724644118777051,-0.8686827146113262,0.15377783134509326,0.6,0.6134227996908287,0.4462221686549067,True,False,False,True,True,0.5147156084656085,0.5147156084656085,0.21746847942618966
136,0,True,0.6222972295775479,0.6209720451600471,0.07456187939874234,0.08,-0.742034504771666,-0.5422972295775479,-0.5409720451600472,0.14302777061308103,0.6,0.9654190596368704,0.45697222938691895,True,False,False,True,True,0.9386522056729686,0.9386522056729686,0.1219972736114689
137,0,True,1.079592047237611,1.0691406569104887,0.1508304700283961,0.08,-0.7217852827237189,-0.9995920472376111,-0.9891406569104887,0.13046922702770147,0.6,0.952857937994514,0.4695307729722985,True,False,False,True,True,0.952140804454168,0.952140804454168,0.10720031318627483
138,0,True,0.8772265258008711,0.8778203142948623,0.1622688904131139,0.08,-0.40464190283617846,-0.7972265258008712,-0.7978203142948623,0.15748719072457884,0.6,0.72044028727892,0.44251280927542114,True,False,False,True,True,0.9726991185579289,0.9726991185579289,0.15719141120046998
139,0,True,0.8345334649888517,0.8313774389706191,0.0771609079628814,0.08,-0.22865594214514334,-0.7545334649888518,-0.7513774389706191,0.07864525647882861,0.6,0.7356455451138697,0.5213547435211714,True,False,False,True,True,0.9758472690992274,0.9758472690992274,0.1527179452350475
140,1,True,0.7313496197512689,0.7187832595589172,0.0739973688074041,0.08,-0.1402474341366051,-0.6513496197512689,-0.6387832595589172,0.13044431273733856,0.556793966600349,0.556793966600349,0.4263496538630104,True,False,False,False,True,0.6476239292343298,0.6476239292343298,0.16459789704861486
141,0,True,1.0811745968576059,1.0795433777015349,0.18309172421720296,0.7426843172686542,0.7426843172686542,-0.3384902795889516,-0.3368590604328806,0.22516077623167388,0.01678427027242567,0.01678427027242567,-0.20837650595924823,False,False,False,False,False,1.0,1.0,0.017303022832225384
142,0,True,0.8746770743136731,0.8764451570463943,0.15430447003939557,0.08,0.0026968603406275905,-0.7946770743136732,-0.7964451570463943,0.182049291772022,0.6,0.608503587525169,0.417950708227978,True,False,False,True,True,0.989945168274466,0.989945168274466,0.1485708593986675
143,0,True,1.0257031385407305,1.040978274515756,0.17294799733997793,0.08,-0.46520755852778467,-0.9457031385407305,-0.9609782745157561,0.1333172228135568,0.6,0.7957387802101445,0.4666827771864432,True,False,False,True,True,0.9672947182240863,0.9672947182240863,0.11329408548547193
144,1,True,0.9052871488042715,0.9035632422797043,0.0869556563143006,0.5435744804657657,0.5435744804657657,-0.3617126683385058,-0.3599887618139386,0.0834714185666603,0.061586982916689244,0.061586982916689244,-0.02188443564997105,False,False,False,False,False,1.0,1.0,0.023289762676646467
145,1,True,1.1219293942556035,1.1247702833422168,0.15636874074474968,0.21087541595466167,0.21087541595466167,-0.9110539783009418,-0.9138948673875552,0.2252191182001177,0.5272802407501757,0.5272802407501757,0.30206112255005796,False,False,False,False,False,0.9868715531366133,0.9803073297049201,0.06555834061690428
146,1,True,1.0631363258075575,1.0646264522554816,0.11294663770106349,0.5133207407288951,0.5133207407288951,-0.5498155850786623,-0.5513057115265865,0.16808749754475322,0.2128057173575938,0.2128057173575938,0.044718219812840576,False,False,False,False,False,1.0,1.0,0.028758448136251606
147,1,True,0.7596829440753734,0.760968096605175,0.14511238502205334,0.08,-0.24201662194303739,-0.6796829440753734,-0.680968096605175,0.07662853231555823,0.5796610624350979,0.5796610624350979,0.5030325301195396,True,False,False,False,True,0.6575056572359859,0.6575056572359859,0.13356161505108086
148,0,True,0.701001549082356,0.6945584833081824,0.14765067317421454,0.08,-0.17307564717671195,-0.621001549082356,-0.6145584833081824,0.15230284280224426,0.5801387386887249,0.5801387386887249,0.42783589588648063,True,False,False,False,True,0.9726991185579289,0.9726991185579289,0.15165615873178032
149,1,True,1.0282472839814296,1.032341308290024,0.08909242161279143,0.08,-0.44729121689262025,-0.9482472839814297,-0.952341308290024,0.20278105485541922,0.6,0.8581837682923005,0.3972189451445808,True,False,False,True,True,0.6390505534634258,0.6390505534634258,0.17401686746599415
150,0,True,0.6179937793357417,0.6168410894583123,0.09492694587145077,0.08,-0.4005557723591942,-0.5379937793357418,-0.5368410894583123,0.09088428732946423,0.6,0.6155176876107734,0.5091157126705358,True,False,False,True,True,0.9708050117911982,0.9708050117911982,0.15699363766018376
151,1,True,0.9978585158378444,0.9983104062502115,0.10944122196309859,0.08,-0.20971333073400356,-0.9178585158378444,-0.9183104062502115,0.13512986004475078,0.6,0.7031828755279034,0.4648701399552492,True,False,False,True,True,0.6423662610559339,0.6423662610559339,0.16646357879294002
152,1,True,0.6864970784983697,0.6887918821453622,0.09271407922511421,0.4395651685421028,0.4395651685421028,-0.2469319099562669,-0.24922671360325943,0.20742169109800887,0.12209175848249264,0.12209175848249264,-0.08532993261551623,False,False,False,False,False,1.0,1.0,0.019894414579325868
153,1,True,0.7068043486755646,0.7045811153524821,0.14225045366349365,0.08,-0.21740145340486217,-0.6268043486755647,-0.6245811153524822,0.18554139810880854,0.5571648027885788,0.5571648027885788,0.3716234046797703,True,False,False,False,True,0.9881812365497585,0.9822718548246379,0.12694820518530744
154,0,True,0.9471569562278526,0.9460294938190397,0.1179467524649412,0.3710872652980544,0.3710872652980544,-0.5760696909297982,-0.5749422285209853,0.1451055806384125,0.20200538236264576,0.20200538236264576,0.05689980172423326,False,False,False,False,False,0.604102564102564,0.604102564102564,0.2127723351635677
155,0,True,0.6267032067046512,0.6268324790583506,0.07602442396168943,0.08,-0.23346268275235252,-0.5467032067046512,-0.5468324790583506,0.2049549846454025,0.5479893336196763,0.5479893336196763,0.34303434897427376,True,False,False,False,True,0.9092180865729252,0.9092180865729252,0.13275350987134876
156,1,True,0.8594889373880481,0.8610145844058824,0.1036540231551422,0.08,0.050647947497429985,-0.7794889373880481,-0.7810145844058825,0.19090377184062388,0.47164225250958297,0.47164225250958297,0.2807384806689591,True,False,False,False,True,0.9750655201765976,0.9625982802648966,0.1719841984293903
157,0,True,1.0133377836247586,1.029352821081711,0.1726004755116991,0.08,-0.20640936037902788,-0.9333377836247586,-0.9493528210817109,0.07050379428122183,0.5758400377641318,0.5758400377641318,0.5053362434829101,True,False,False,False,True,0.9612658499608978,0.9612658499608978,0.1684249060500888
158,0,True,0.6154879915055541,0.6174186066941926,0.09888752733604511,0.2951759748665946,0.2951759748665946,-0.32031201663895953,-0.322242631827598,0.16925483864292337,0.20636936684598203,0.20636936684598203,0.03711452820305866,False,False,False,False,False,0.9960225457767885,0.9960225457767885,0.08120397102803362
159,1,True,1.134807158238289,1.1286771597064293,0.1981877939334455,0.7132940512061371,0.7132940512061371,-0.42151310703215195,-0.41538310850029225,0.07305663808207843,0.0,-0.0989952485550905,-0.07305663808207843,False,False,True,False,True,1.0,1.0,0.016502900662313146
