measurement_noise,observation_fraction,n,accuracy,accuracy_ci_low,accuracy_ci_high,same_time_snapshot_accuracy,same_time_snapshot_ci_low,same_time_snapshot_ci_high,balanced_accuracy,auroc,auroc_ci_low,auroc_ci_high,same_time_snapshot_auroc,same_time_snapshot_auroc_ci_low,same_time_snapshot_auroc_ci_high,mean_macro_dice,macro_dice_ci_low,macro_dice_ci_high,mean_macro_dice_nonempty_classes,macro_dice_nonempty_classes_ci_low,macro_dice_nonempty_classes_ci_high,mean_nrmse,nrmse_ci_low,nrmse_ci_high,mean_same_time_snapshot_macro_dice,same_time_snapshot_macro_dice_ci_low,same_time_snapshot_macro_dice_ci_high,mean_same_time_snapshot_macro_dice_nonempty_classes,same_time_snapshot_macro_dice_nonempty_classes_ci_low,same_time_snapshot_macro_dice_nonempty_classes_ci_high,mean_same_time_snapshot_nrmse,same_time_snapshot_nrmse_ci_low,same_time_snapshot_nrmse_ci_high,mean_pixel_accuracy,median_correlation,median_correction_relative_error,median_coupling_absolute_error
0.0,0.05,160,0.8125,0.75,0.86875,0.81875,0.75625,0.875,0.8123827392120075,0.9072858036272671,0.858280696324621,0.9503162127383185,0.9119762351469669,0.8697905701754387,0.9501266504676326,0.7650511866349538,0.7417472250047166,0.7883528374146682,0.7383720944407179,0.7171815012991218,0.7599468275737011,0.19691462207112181,0.1864530153530619,0.20745176513661628,0.7192977578993751,0.7024933869945944,0.736315210109295,0.6748036608338099,0.6644785040915387,0.6847987273597039,0.22106884741834812,0.2180623031354091,0.22376648128589016,0.8239419291338581,0.8255315925424287,0.6173178210876821,0.35191118827771606
0.0,0.1,160,0.8375,0.775,0.89375,0.85625,0.8,0.90625,0.8364602876797999,0.9432457786116323,0.9093521844009649,0.9715970212016898,0.9487179487179487,0.9166650181990821,0.9745891309155241,0.7816028759086242,0.7566389065864253,0.8061414832638873,0.7617690643716813,0.7371902570149912,0.7862569622038968,0.17791459721978695,0.16769580584948943,0.18796083880217812,0.7242974438486113,0.7050044861714003,0.7414746511001709,0.6809471736968785,0.6689863990796409,0.6931643203516218,0.20614970221161671,0.20136317358141256,0.2108874864214907,0.853383366141732,0.8661265496174712,0.7141480036599964,0.3768980763100546
0.0,0.15,160,0.85625,0.8,0.90625,0.89375,0.84375,0.9375,0.8556910569105691,0.9538774233896186,0.9223121818139438,0.9799220047768746,0.9710756722951845,0.9472895929017828,0.9884085213032582,0.8020918817349901,0.7773478063733038,0.8279074752153688,0.783505566495423,0.7586490601658259,0.8079337591487977,0.16687823834627458,0.15658371911365124,0.17746731623920747,0.7381534606837007,0.7187934757316742,0.7568394202890891,0.6972797357803853,0.6822352462844188,0.7133691467738382,0.19100550052906826,0.18422680660816806,0.19711428608243975,0.8717027559055118,0.8947405940553484,0.8196729561114224,0.3883802663529925
0.0,0.2,160,0.9,0.85,0.94375,0.93125,0.8875,0.96875,0.8989993746091307,0.9749843652282677,0.9525453694536467,0.9913728530886038,0.9826454033771107,0.9660311716791979,0.9951669285944551,0.8239891846296163,0.7988652916932301,0.8483935308597155,0.810086339527458,0.7843347984517148,0.836311009614842,0.15536061255590816,0.145545097190401,0.16639437052361722,0.7572886210759378,0.7369161074723027,0.777835246356055,0.718795923258629,0.7007831585911575,0.7374496233486306,0.17493782702198094,0.16701558152092308,0.18257514363730246,0.892974901574803,0.9203133569783284,0.8700147204655859,0.40085845455629976
0.0,0.3,160,0.95625,0.925,0.9875,0.95,0.9125,0.98125,0.956066291432145,0.9959349593495935,0.9901547116736991,0.9995286352863617,0.9970293933708568,0.9922611366681751,1.0,0.9192068470092984,0.9002462473789449,0.9374894790411147,0.9075521067426395,0.8876917686424896,0.9268168202832349,0.13463020502217038,0.12669093511569898,0.14284432142087636,0.8115485158827822,0.7888059504730186,0.8339994565796928,0.7806438027816933,0.7579685703483443,0.8031971582422229,0.13810827403271342,0.12889426589149625,0.14743238606831316,0.9323080708661419,0.9496864300667722,0.8841808723647273,0.42366945144655865
0.0,0.5,160,0.99375,0.98125,1.0,1.0,1.0,1.0,0.9935897435897436,1.0,1.0,1.0,1.0,1.0,1.0,0.9580957011069664,0.9434727757339785,0.9700985999290509,0.9509906229572731,0.9360850093373478,0.9647402343014527,0.12414897745179646,0.11648005346985225,0.13186736286080555,0.9319800811310948,0.9116773331233449,0.9504450353481252,0.9218784666942023,0.901778671962623,0.9405310995767605,0.07041474370930603,0.06212946753410169,0.07949906018985232,0.9593380905511811,0.968464040575614,0.8875860871209948,0.42366945144655865
0.02,0.05,160,0.825,0.7625,0.88125,0.825,0.7625,0.88125,0.8245778611632271,0.9199499687304565,0.8744427083333334,0.9578078079413154,0.9108818011257036,0.8644665747292746,0.9491459134453882,0.6987517906406661,0.6738167780816036,0.7231095720103853,0.6775454445747966,0.6549891694568374,0.7001969755179402,0.23268677044204228,0.22097742421688718,0.24475812431087593,0.7193906663188383,0.7019801655653687,0.736648941304104,0.6748914810339188,0.6639551216670184,0.6854808374395579,0.22127886600335156,0.21842400681452404,0.22407047873698405,0.7625369094488189,0.7556215117361271,0.7592205544711055,0.23224970065009898
0.02,0.1,160,0.8375,0.78125,0.89375,0.85625,0.8,0.90625,0.8364602876797999,0.9438711694809255,0.908584751630264,0.9710406202454236,0.948405253283302,0.9164058717377185,0.9746529374777283,0.7631771077532326,0.7375896690315334,0.7886419008401431,0.7448972275326513,0.7202088859013531,0.7699874717661118,0.18617154246499035,0.17702928273527954,0.19570104918887407,0.7244766772811556,0.7072512596191864,0.7425504426776317,0.6811208103193099,0.6687013186633374,0.6937107077279607,0.20644312686450156,0.20151184270353795,0.21098362062171486,0.8450664370078741,0.857105682810722,0.6976219707854014,0.36495157075990764
0.02,0.15,160,0.8625,0.80625,0.9125,0.9,0.85,0.94375,0.8617886178861789,0.9532520325203252,0.923245495840767,0.9781312870577203,0.9709193245778611,0.9467360713661032,0.9881343762390977,0.7917521096812676,0.765724209896373,0.8180629446620572,0.774585489401216,0.7492530093087854,0.7999306901937794,0.17152070472978892,0.16166062687058916,0.18221624226533312,0.7381241451437756,0.7196662379020076,0.7566805400970137,0.6972341287622179,0.6826821975742747,0.7130374327075819,0.1913168132296719,0.1844526732648556,0.1978755141216413,0.8693159448818897,0.890102854590905,0.8279886438334336,0.37352307417244063
0.02,0.2,160,0.9125,0.86875,0.95625,0.93125,0.8875,0.96875,0.9118198874296435,0.976078799249531,0.9532968761620694,0.9928343878611189,0.9821763602251408,0.9646420367496857,0.9944615204455938,0.8214537346226916,0.7967916125826253,0.848242477070364,0.807600057424416,0.7816342657024008,0.8324003601346283,0.1585742302329253,0.14845233833140745,0.168698991267936,0.7575193654734063,0.7367485778866338,0.7786803021804237,0.7189435072844506,0.700636184237864,0.7378578890204367,0.17528379154324955,0.1675737056558798,0.18336191048101705,0.8913877952755905,0.9139925407992675,0.8694378991185008,0.39160901999743947
0.02,0.3,160,0.95625,0.91875,0.9814062499999991,0.95625,0.925,0.9875,0.956066291432145,0.9956222639149468,0.9892923910216955,0.9993749023284888,0.9970293933708568,0.9915572232645403,0.9996873045653534,0.9064629193065376,0.8862556221647011,0.926174048870717,0.8951700578029623,0.8732611753874463,0.9142958600680501,0.1371811357253881,0.1286670731802027,0.14536258049956904,0.812162979952887,0.7883040757516767,0.8345618611862432,0.7812417335380439,0.7593755728964778,0.8050174522832226,0.1385995428375683,0.1293111486335938,0.1478341867453873,0.93191437007874,0.9439277698935618,0.8841808723647273,0.4172945033468494
0.02,0.5,160,0.9875,0.96875,1.0,1.0,1.0,1.0,0.9871794871794872,1.0,1.0,1.0,1.0,1.0,1.0,0.9589400634065199,0.94549441699987,0.9709393547218241,0.9518167247098723,0.9368980715291915,0.9645503171860335,0.12461528837225877,0.11685675274814947,0.13201637092641774,0.9328581318231889,0.9142869242447196,0.9503589691523389,0.9227638264932206,0.9018490078514405,0.9412896068428762,0.07189407912536336,0.06340816022084692,0.08063579509538457,0.959953248031496,0.9668205795190792,0.8875860871209948,0.4142103983071166
0.05,0.05,160,0.85,0.7875,0.90625,0.81875,0.7625,0.875,0.8492808005003127,0.9241713570981863,0.8825208558802309,0.9592795886775762,0.9118198874296435,0.8663709519919168,0.949777019112035,0.5682743147258531,0.5407267693115237,0.5962133443466884,0.5558636465970391,0.5298012666440957,0.5826212435410685,0.33245770541228364,0.31146617093558676,0.35370055668250694,0.7175336142768082,0.7007342689885733,0.7343049675286294,0.6735809772876507,0.6628434914723557,0.684459060676288,0.22253203425542178,0.21973350279142395,0.22514916041421426,0.6433562992125984,0.5670154451880318,0.7530233429717648,0.1732493203176787
0.05,0.1,160,0.825,0.76875,0.88125,0.85,0.79359375,0.9,0.8242651657285803,0.941682301438399,0.9061693640894313,0.9698366243120228,0.9474671669793621,0.9148204835091182,0.973264540337711,0.7039274167292653,0.6790204535632969,0.729996618193268,0.6878460348066763,0.6633001678957601,0.7123022184599036,0.21854838409588453,0.2071615623691318,0.22922778938083146,0.7252470294505378,0.7075259017248615,0.743397234060904,0.6820334348680056,0.6703347042884779,0.6938862643618511,0.20784595731762784,0.2030659643395316,0.21238382394133615,0.7831815944881889,0.7789927357749342,0.7563901132770797,0.2070946960780813
0.05,0.15,160,0.8625,0.80625,0.9125,0.89375,0.84375,0.9375,0.8614759224515323,0.9551282051282052,0.9244459982788297,0.9796628070724456,0.9699812382739212,0.9461940180408293,0.9879394510915285,0.7536704690254153,0.7285128999493224,0.7793601359830493,0.7376581175842267,0.7139820678255212,0.7616768711895839,0.18935339377633245,0.1800546830629332,0.1996282896324118,0.7394801636878704,0.7218219785163608,0.7586824737868715,0.6987096194333541,0.6845264091677156,0.7144092515415116,0.19289961662907168,0.1864524496395616,0.19881902481790237,0.8423228346456693,0.8545402294759596,0.8096562407398695,0.2046899461339683
0.05,0.2,160,0.9125,0.86875,0.95625,0.9375,0.9,0.975,0.9118198874296435,0.9768605378361476,0.9557721874067179,0.9926591397902262,0.9831144465290806,0.966713380909295,0.9948240147817213,0.7704228363021379,0.745123225497529,0.796934439609724,0.7594985361284289,0.7338057038800447,0.7847946383192858,0.1720462057185098,0.16276804982586393,0.18158876589738326,0.7583267960879881,0.7385585408895613,0.7784794030057314,0.7198296358998875,0.7030137048920253,0.7374848433323044,0.17686530167297437,0.16876100949253364,0.18451429884566894,0.8778174212598426,0.8857889893960949,0.8704126298403646,0.2669030251142157
0.05,0.3,160,0.95625,0.91875,0.9875,0.95,0.9125,0.98125,0.956066291432145,0.9954659161976235,0.9884288608175141,0.9995294283502875,0.9967166979362101,0.9913939121146239,0.9996874511642444,0.8610585038378847,0.8364072519410171,0.8842081535502845,0.8526390258996518,0.8281756882815978,0.8756861224268611,0.1452286619783303,0.13728930115357105,0.15347110992613636,0.8148503100511111,0.7929840473196414,0.8363419659387971,0.78430779329331,0.7631711662820937,0.8069535502226722,0.14127749843464538,0.13252614772675492,0.1502729206098405,0.929232283464567,0.9286829943798942,0.8843092957100007,0.3724886633183178
0.05,0.5,160,0.99375,0.98125,1.0,1.0,1.0,1.0,0.9935897435897436,1.0,1.0,1.0,1.0,1.0,1.0,0.9556602200466735,0.9411938012154324,0.9683619023617055,0.9485050752319161,0.932996520611984,0.961653234963744,0.12673111982218035,0.11962715337025674,0.13406684546742012,0.9327904362626945,0.9149921897656733,0.9491287738630431,0.9227536346475691,0.9036648576478757,0.9404579088389227,0.0777282480359153,0.06995112706029787,0.08551525871528845,0.960236220472441,0.9608129022797457,0.8869891747187738,0.29572789859517
0.1,0.05,160,0.8125,0.75625,0.86875,0.8125,0.75,0.86875,0.8123827392120075,0.8943089430894309,0.8402849225157184,0.9385094026518013,0.8968105065666041,0.8493022101454386,0.9393677158418308,0.4496995452228962,0.4231344964081786,0.47698464312819683,0.4445847044921045,0.41936321651951675,0.4713235005971148,0.4532972095315289,0.4245785368948838,0.48166846328627066,0.7007197265222322,0.6832796060392613,0.719500012405064,0.6600361990275255,0.6484810489205677,0.6717396668344692,0.22695366352537932,0.22412466974886117,0.22960861413108785,0.5278297244094488,0.375003845540564,0.8731613799886471,0.17767203446764868
0.1,0.1,160,0.825,0.76875,0.88125,0.85625,0.8,0.90625,0.8242651657285803,0.9385553470919324,0.9049067982456139,0.9682632969049906,0.9480925578486554,0.9159124183006536,0.9738916412601626,0.5886214230606559,0.5614000962178793,0.6172400624932872,0.579581364589081,0.5527435839608259,0.6078052539004923,0.30245450925961653,0.2842374248284098,0.3201941071629642,0.7245543755064184,0.7076882921836823,0.7419279274791241,0.6810038345423167,0.6693306011255739,0.6931576304560709,0.21232507992676136,0.2075073308686466,0.21699795651971518,0.6730437992125985,0.6299468794471001,0.8406670038993607,0.17631624464829004
0.1,0.15,160,0.8625,0.8125,0.9125,0.8875,0.8375,0.93125,0.8611632270168856,0.9565353345841151,0.9283123359870264,0.9793679511278195,0.9709193245778611,0.9496558106169297,0.9872953090096799,0.6724663736363146,0.6456501035781386,0.6996891755099823,0.6608836053787366,0.6360689477038407,0.686685908178259,0.2385017230431429,0.22639955881796844,0.2509272673325674,0.7387882058594546,0.7210621921038969,0.7578335930057499,0.6976344743184603,0.6830601311270672,0.7126771180126148,0.19813244467905075,0.19188028316042918,0.20423722297404534,0.7557209645669292,0.7336611271529973,0.8618601980669687,0.14406667562574677
0.1,0.2,160,0.91875,0.86875,0.95625,0.94375,0.90625,0.975,0.9182301438398999,0.9777986241400876,0.9566397925305116,0.9930728524783854,0.983739837398374,0.9680311151503562,0.9949992186279106,0.7067462920418939,0.6824843904682865,0.7331805993670013,0.6989681771226447,0.6746410382292023,0.7246907752286939,0.21182837357065934,0.20118503687600978,0.222316457982183,0.7593702029188383,0.7399736648184658,0.7783983232062481,0.72080179244915,0.7043367001274725,0.7376137182567686,0.1826455840183771,0.17505558353623005,0.18999379762503477,0.806373031496063,0.8166021436043844,0.8767139177147358,0.1687351129297318
0.1,0.3,160,0.95625,0.925,0.98125,0.95,0.9125,0.98125,0.956066291432145,0.9948405253283302,0.9875863873344571,0.9992182614133833,0.9962476547842402,0.9903109860915769,0.99953125,0.778865545015532,0.7521577503457582,0.8043140813196695,0.7738954177127854,0.7492331758836435,0.7992630102305229,0.16840190377595743,0.15981878440503675,0.17621778110163586,0.8164905922160297,0.7946441162461712,0.8373454741194033,0.7860743337077644,0.7646894327828386,0.8078406779075378,0.14884000061992977,0.1405529488036591,0.15720278472809485,0.8953371062992126,0.8845610004074907,0.8855609245029761,0.19206861292531113
0.1,0.5,160,0.99375,0.98125,1.0,1.0,1.0,1.0,0.9935897435897436,1.0,1.0,1.0,1.0,1.0,1.0,0.8926166316720259,0.8688953095072559,0.9152600391090321,0.8875481724905685,0.8649434093176213,0.9097211125952763,0.1354493479674876,0.12812291138322734,0.14219635037530323,0.9295036215816754,0.9125353310801173,0.9453788057235573,0.9184201062660721,0.900670827915324,0.9352302566885485,0.09184377410585111,0.08453330307552938,0.0991008410459948,0.9536171259842519,0.9500794777894503,0.8869891747187738,0.13042989821386247
0.15,0.05,160,0.83125,0.76875,0.8875,0.8125,0.75,0.86875,0.8309881175734835,0.9052532833020638,0.8565613447681705,0.9469803921568627,0.9074421513445904,0.8615170684270451,0.9469859577772025,0.3933785255202238,0.37164619459714276,0.4165327246503322,0.392272724412858,0.3702279868593791,0.41571079257552834,0.5121325475237558,0.48009730342949114,0.5430420661226192,0.6704918381555037,0.6509092281420463,0.6883676881520429,0.6370354159955932,0.6241831272099131,0.6500210389944285,0.2336655247681314,0.23078391127361,0.23633613401639741,0.47364665354330704,0.2603694867168276,0.8738073238480253,0.18509977083614454
0.15,0.1,160,0.83125,0.76875,0.8875,0.825,0.7625,0.88125,0.8306754221388368,0.9418386491557224,0.9071047362724994,0.9705842081319601,0.944027517198249,0.9099394828534751,0.9733716564823889,0.5166850797634988,0.49085281233082734,0.5449466211251495,0.5118222206243177,0.48891381855619953,0.5383470876369932,0.36457846409160666,0.3413397266719353,0.38889420522812307,0.6939866374133311,0.6737628063692241,0.713614910298637,0.6583336048991284,0.6442622407772254,0.6731219741094783,0.21989234321929851,0.2155417919943217,0.22433156549482894,0.6083661417322835,0.49755000545235284,0.8390103491135175,0.13936602222181987
0.15,0.15,160,0.85625,0.8,0.90625,0.89375,0.84375,0.9375,0.8556910569105691,0.9535647279549718,0.9230754185573463,0.9770192519381673,0.9662288930581614,0.9403024723609781,0.9860976025306688,0.5887389024844651,0.5625938617718033,0.6167561550154885,0.5828013901479353,0.5570875981752375,0.6089420958891602,0.29435868524417164,0.2774134410655379,0.3099857211865087,0.7214385449776826,0.7008901723538183,0.741340887722463,0.6846508427140239,0.667751071303574,0.7001335166734585,0.2063882086260941,0.20074689058459916,0.21235602810938864,0.678826279527559,0.648958818600102,0.8678589558302229,0.13204928880633918
0.15,0.2,160,0.925,0.88125,0.9625,0.925,0.88125,0.9625,0.9246404002501563,0.9776422764227642,0.9564962215574533,0.9934282584884995,0.9826454033771107,0.9655733561423394,0.994523655769248,0.6388623014268765,0.6125862576994906,0.6647539237579616,0.6329219140700953,0.6077288849390455,0.657797478181941,0.25450085821624313,0.2418831712069276,0.26722060135808745,0.7377350261887189,0.7153731187276132,0.7588388839306486,0.7047882977632627,0.6858563593296034,0.724296220867199,0.19175902557264532,0.18495132270019649,0.19816965334631734,0.7327386811023622,0.7163584652122397,0.8794367923654557,0.13451296913693295
0.15,0.3,160,0.95625,0.91875,0.9814062499999991,0.95625,0.91875,0.9875,0.956066291432145,0.9954659161976235,0.9888422620889917,0.9995311785777075,0.9968730456535334,0.9918635581286184,0.9998421717171717,0.722189355920394,0.6968213171684516,0.7483374452388594,0.7193578171623318,0.694203935684751,0.745798879781386,0.19694164511909557,0.18812032659844116,0.20572378513680267,0.8030923936476512,0.7817568285364322,0.8237469151563982,0.7748705628824497,0.7537284149741369,0.7956056770042874,0.16014965585554256,0.15277836035268505,0.16774315815858987,0.8337352362204726,0.8281281031627754,0.8855609245029761,0.15102078485906228
0.15,0.5,160,1.0,1.0,1.0,0.99375,0.98125,1.0,1.0,1.0,1.0,1.0,1.0,1.0,1.0,0.812964508268664,0.7868511917158665,0.839035749182929,0.8111226440368029,0.7860042750468397,0.8386588440176892,0.14875039584508915,0.1405762036708731,0.15627433835138574,0.9091783722475361,0.8889728325476874,0.9271875113028752,0.8980279259795999,0.8786472161942093,0.9168808222702156,0.11028213173548891,0.10409397743281747,0.11697119501864212,0.933021653543307,0.9337689070321484,0.8878803364222406,0.10370240269279643
