trial_id,initial_side,outcome,q0,distance_from_separatrix,damage_fraction_requested,damage_fraction_realized,correction_rate,coupling,memory_rate,memory_noise,process_noise,correction_heterogeneity_cv,correction_map_mean,correction_map_sd,correction_map_min,correction_map_max,target_separation_scale,target_overlap_sd,target_overlap_offset,outcome_target_selector
0,1,1,0.6220673784268054,0.12206737842680543,0.32557630691848904,0.35039370078740156,0.8061597516792787,0.07341914807417228,2.875389973966585,0.2404591493336477,0.004619052447861882,0.09686169976172335,0.8084521956105569,0.08058318927438747,0.5938332702089901,1.0542235881956974,1.0,0.0,0.0,1.0
1,0,0,0.31103853687322397,0.18896146312677603,0.2207226635656549,0.24015748031496062,0.6658097544277723,0.07004522008239797,2.012944567764643,0.288048959696807,0.006278319261279688,0.11676083148333724,0.6651365326922841,0.07678427627135644,0.39843141026843487,0.9142857430507955,1.0,0.0,0.0,0.0
2,0,0,0.4160167461727031,0.08398325382729685,0.2334244137658773,0.24015748031496062,0.7524705426875019,0.2123056067442337,2.879448513835955,0.1660512323169603,0.007267593194039665,0.14712389056481473,0.7561887516871442,0.11223914735240659,0.42201657026724393,1.086551947952315,1.0,0.0,0.0,0.0
3,0,0,0.43835892202601096,0.06164107797398903,0.4524245286501519,0.468503937007874,0.936506700199845,0.1734029035527315,1.6654377302028576,0.27293192092357155,0.005213763192612429,0.13743206954564136,0.9375240007961189,0.12909272908246863,0.46101744715899595,1.2692797576883197,1.0,0.0,0.0,0.0
4,0,1,0.4879652193816704,0.012034780618329556,0.3952067892211164,0.40551181102362205,1.1471671339390808,0.14057516520790447,1.5408312459609466,0.22965705114898954,0.005701103101659149,0.19994710182386,1.147879321679547,0.2257966399774087,0.500084842997075,1.848086353332922,1.0,0.0,0.0,1.0
5,0,0,0.46739086002664487,0.0326091399733551,0.4614413653236286,0.468503937007874,0.8114481400938126,0.14590018528620505,1.88751162145602,0.23412122467615537,0.010990360932631737,0.09637310347298877,0.8130229499864904,0.07898711564982287,0.6103679456433256,1.0374651816558071,1.0,0.0,0.0,0.0
6,1,1,0.5426963085322734,0.042696308532273346,0.19079642725660861,0.2125984251968504,0.8589742642483227,0.13647773863540957,1.7606110603230698,0.21675797087521867,0.007952961782569642,0.10206388937895887,0.8596629185285919,0.0857709539822659,0.5366033486640954,1.1525863139346426,1.0,0.0,0.0,1.0
7,1,0,0.5085615096498437,0.008561509649843667,0.22962997467867563,0.24015748031496062,0.9893443972325126,0.14079025911273324,2.5177776783284735,0.20284043147308173,0.005580080982386965,0.21482085037271742,0.9810331008666425,0.21230731962274108,0.284263727229029,1.6602318188254463,1.0,0.0,0.0,0.0
8,0,0,0.4917721655534141,0.008227834446585898,0.24400232175448303,0.2677165354330709,0.7573881310273416,0.08637360627690663,2.036665781703623,0.27551392002364394,0.005064522919384272,0.180320041310928,0.7677438199823627,0.13502543665232614,0.4034151647109449,1.200025996441074,1.0,0.0,0.0,0.0
9,1,1,0.6174414359407681,0.11744143594076804,0.39959684193534206,0.40551181102362205,1.0065366852954307,0.19159862575310363,1.831763706119907,0.17697602059214695,0.0037282544990222518,0.21047318302600887,1.0161707531032247,0.21120253184922694,0.371092279976418,1.6364431514960593,1.0,0.0,0.0,1.0
10,0,0,0.38590591974478655,0.11409408025521343,0.4650045012372315,0.468503937007874,0.7804717975116737,0.2203319446906587,2.4683793888168193,0.1859609508485812,0.005651880126630791,0.18157127399124817,0.7866468678817549,0.14139296015968433,0.38619103690737433,1.271283433097527,1.0,0.0,0.0,0.0
11,0,1,0.4418188646857201,0.058181135314279875,0.38689232983036953,0.40551181102362205,0.9452420391136918,0.08821909229027786,1.5241588170784133,0.18058546343870474,0.0057680080935478,0.13402465323173568,0.9484906122614115,0.12773202790008503,0.6220061888433367,1.3171523076691187,1.0,0.0,0.0,1.0
12,0,0,0.4437503090173957,0.05624969098260431,0.35634046299297395,0.3779527559055118,0.8247538620792505,0.22528241619342157,1.553096776871933,0.23498229340758442,0.007452689172022391,0.17769187002871742,0.8280306703494474,0.15103005208427944,0.34078151845502025,1.261787280370731,1.0,0.0,0.0,0.0
13,1,1,0.5950995308962358,0.09509953089623584,0.5308364021960887,0.531496062992126,0.790634870330769,0.11617982649521724,2.6810685978674655,0.2930242262230066,0.010891473323164307,0.1630347371285602,0.7920558062676244,0.13071229098042728,0.4247649132147767,1.23122733360394,1.0,0.0,0.0,1.0
14,1,1,0.5258441702937446,0.025844170293744608,0.22970569928900522,0.24015748031496062,0.6695766034685156,0.23400775369916466,1.5054619698023552,0.2201513164759928,0.006809449012533319,0.1940320595725905,0.6693945078802681,0.12632163408541044,0.3219562732917591,1.0185739642833274,1.0,0.0,0.0,1.0
15,1,1,0.5468660838759155,0.0468660838759155,0.5076924579212095,0.531496062992126,1.022572781637161,0.10494039979661642,2.1581657131861567,0.2760250894239248,0.006163679516340201,0.09419909805889479,1.0217618370796409,0.09928729214861771,0.7167346423235882,1.2810813845559188,1.0,0.0,0.0,1.0
16,1,1,0.5405526567863901,0.04055265678639009,0.24420856835207366,0.2677165354330709,1.0353402513481063,0.14850885041072112,1.6121686298724758,0.24610534346608892,0.005087207768561456,0.09559815074399684,1.0277393255496785,0.10542929141053939,0.6678442873173814,1.3252759745010418,1.0,0.0,0.0,1.0
17,0,0,0.4917647428558287,0.008235257144171292,0.38408453894469113,0.40551181102362205,0.9377994643922205,0.16639164554256036,2.4090196500346694,0.24855666834023665,0.005819337203591086,0.16268620443808074,0.9397072136173166,0.151342220829849,0.5603349519589738,1.346113069262889,1.0,0.0,0.0,0.0
18,0,1,0.4691283847213419,0.030871615278658122,0.4689026766214839,0.468503937007874,0.6195336433209077,0.20901596359892477,1.5030646153717457,0.298882067633781,0.005812831661117802,0.16157240651182153,0.6230497858577131,0.1021280828480855,0.33064553428816534,0.97452351577578,1.0,0.0,0.0,1.0
19,1,1,0.5225315542977123,0.02253155429771229,0.4111257865439528,0.43700787401574803,0.6190227644975841,0.22140423982103097,2.54411147404251,0.2625686726427436,0.009630692834853957,0.1278853234717175,0.6198388550190008,0.08043403977300348,0.3766260885981484,0.8921346610441272,1.0,0.0,0.0,1.0
20,1,1,0.7925829121285783,0.29258291212857834,0.4015726367153775,0.40551181102362205,0.6736512885465814,0.14982726872502225,2.9822952537769556,0.19239101746246,0.006247989061991904,0.16016303722141695,0.6723833672698791,0.10879726401100175,0.33562976359276386,0.9706052785703999,1.0,0.0,0.0,1.0
21,0,1,0.4820465409622707,0.0179534590377293,0.33426187341162905,0.35039370078740156,0.8983047742348591,0.14124554080439133,2.1329167041070836,0.19399009825562596,0.005554005438028148,0.18042499373820486,0.8961316881438972,0.15980532605299558,0.4665902355749683,1.5171076128954628,1.0,0.0,0.0,1.0
22,1,1,0.5503727811589944,0.05037278115899435,0.5140473661378988,0.531496062992126,0.610202920780681,0.23637926217900723,2.6789881812204577,0.19131250405558428,0.004855870661577812,0.19963652620134364,0.6169843053385806,0.12268111245975322,0.21835183241567968,0.9929642618455229,1.0,0.0,0.0,1.0
23,0,0,0.4565098387809691,0.0434901612190309,0.3824165129178383,0.40551181102362205,0.6673064560956111,0.08829705965036908,2.5544326463570663,0.2678747290961805,0.0049015753238760285,0.1280237655168552,0.6748397312083644,0.08977701173004657,0.3859340814045651,0.943511283100009,1.0,0.0,0.0,0.0
24,1,0,0.5484579318843736,0.048457931884373646,0.4001481637171838,0.40551181102362205,0.7812694656325488,0.07516136470895238,2.5772157197691734,0.20714285167432508,0.005228500585174694,0.1576515804444648,0.7729786163472456,0.12624187967425204,0.408089838660738,1.1356886945997442,1.0,0.0,0.0,0.0
25,1,0,0.5085214763403503,0.008521476340350272,0.35467956335526274,0.3779527559055118,0.6451348296913828,0.15327429103386384,1.9430398621243392,0.2846319509752604,0.006303314627854984,0.18682505451262638,0.6440221326154546,0.12425354188235914,0.1612837074228457,1.029817954666025,1.0,0.0,0.0,0.0
26,0,0,0.46853298908068364,0.03146701091931637,0.28042634614430606,0.2952755905511811,1.0403416140196764,0.061255302917931846,2.5719510469690405,0.2109423315401322,0.0051375223442128234,0.21193512082368904,1.0325218452491816,0.20784604525762582,0.46452508537711457,1.717807328436507,1.0,0.0,0.0,0.0
27,0,0,0.4164049124225656,0.08359508757743439,0.3632952725475489,0.3779527559055118,1.1195142383524823,0.08712195632768106,2.330384906308362,0.15288946431040662,0.004213396867822128,0.18189562266980328,1.113086863129519,0.1943866464631437,0.6014542115603028,1.8011873339474667,1.0,0.0,0.0,0.0
28,0,1,0.4847601049958456,0.015239895004154378,0.5047682954073547,0.531496062992126,1.026655438614831,0.22327540910834373,2.814585203474424,0.21982669410516936,0.010214278373966905,0.08639673700565748,1.0210507410103666,0.08739304228775718,0.767481945574906,1.2497514805617187,1.0,0.0,0.0,1.0
29,1,1,0.509680386413508,0.009680386413507968,0.28491091737473007,0.2952755905511811,0.7378035328083448,0.23243651422461142,2.5779518300048117,0.25145157151020997,0.00870626535527736,0.1599446530738935,0.7408877212399512,0.11257573176435673,0.45024173700192616,1.0819978896967288,1.0,0.0,0.0,1.0
30,0,0,0.16397246141893262,0.3360275385810674,0.38526457275997533,0.40551181102362205,0.7409054380604987,0.22868350640915183,1.949963626695133,0.19042056006506372,0.0034309109884568087,0.1487747656898712,0.7374769892317374,0.11689471133618437,0.3944678463530786,1.031162174476392,1.0,0.0,0.0,0.0
31,0,0,0.444478351563853,0.055521648436147,0.3536500997352932,0.3779527559055118,1.146848914419457,0.07291708950669298,1.7270925099197045,0.20296575237499148,0.005418414545918897,0.12213295205187108,1.1514928954265413,0.1418842097493698,0.7404247264537454,1.6172483822913732,1.0,0.0,0.0,0.0
32,1,1,0.5399215185473372,0.03992151854733713,0.3312286966665252,0.35039370078740156,0.8559421796010247,0.0910119755357088,2.709505982012513,0.2494735297180095,0.00705030423203313,0.1399142143249878,0.8647384623226935,0.1204129173922171,0.4752443140105352,1.2038128712778242,1.0,0.0,0.0,1.0
33,0,0,0.45892285766119717,0.04107714233880285,0.23872763841618666,0.24015748031496062,0.8030868758815708,0.1448560780474892,2.0709952781364604,0.2309650480432865,0.01016429915537283,0.11092788130254355,0.8047415932583996,0.09258389039758885,0.5672995493997284,1.0859547476213713,1.0,0.0,0.0,0.0
34,1,1,0.5562240468530719,0.0562240468530719,0.21083483032103806,0.2125984251968504,0.6651883111880073,0.1686478869684926,2.781462632010878,0.2721517529140851,0.011141706054977586,0.16189503261367105,0.6638712522535001,0.10924269365529533,0.3391502419320223,1.025020232113083,1.0,0.0,0.0,1.0
35,1,1,0.5099990712711238,0.009999071271123735,0.3510263746550495,0.35039370078740156,0.6142177907304676,0.08702740525967663,2.193032726214825,0.2955836808735054,0.009530034469472627,0.13989808239120327,0.6237271101882308,0.09016796544690255,0.34464006895360483,0.8672597400015112,1.0,0.0,0.0,1.0
36,1,0,0.5369068959638871,0.03690689596388711,0.3650737103962922,0.3779527559055118,0.7597300474770231,0.11798506413487289,1.8725002910440622,0.16539830406141304,0.005763201076565758,0.10105339440343948,0.7635238535160339,0.07549697268359276,0.5417791894278857,0.9818660353649716,1.0,0.0,0.0,0.0
37,0,0,0.45129370569196325,0.048706294308036725,0.2819636480467347,0.2952755905511811,0.609365658952553,0.20954087580521666,1.6312615711498721,0.2863803042018274,0.011654084006987395,0.12382843225378054,0.6074129448258972,0.07514422197784794,0.3073208470704117,0.8185681668874584,1.0,0.0,0.0,0.0
38,1,1,0.5102228664770886,0.01022286647708859,0.5001992900309824,0.5,0.8514898304698462,0.10144728457069403,2.844678870056115,0.22650491594810912,0.005527900281756147,0.18871683663377004,0.8607193085515257,0.16446330687399904,0.3411120793098561,1.286620014392982,1.0,0.0,0.0,1.0
39,1,1,0.5546483185229654,0.05464831852296532,0.39705512989450154,0.40551181102362205,1.023052742833511,0.12470743464078211,1.7635978010576907,0.23848116498934918,0.003649719231674658,0.11837436291897839,1.0317181998326672,0.1191565353078817,0.6466023791235299,1.4200090325864692,1.0,0.0,0.0,1.0
40,0,1,0.47653899524759946,0.02346100475240055,0.23791870846889768,0.24015748031496062,0.6080174888562264,0.20651307030054292,2.974234296817638,0.2530700678246163,0.011490570261649083,0.2112440908355226,0.606909022468259,0.1259980103632347,0.2020906229426495,0.9423667365693413,1.0,0.0,0.0,1.0
41,1,1,0.8258271762429009,0.3258271762429009,0.47225350185674325,0.5,0.8945057331369841,0.11327901843976726,1.5377128958078559,0.15145422459535282,0.010024082503982203,0.10191592429178503,0.8972655274039515,0.08961282199395507,0.6281504542615852,1.16150665811812,1.0,0.0,0.0,1.0
42,0,0,0.4826229437962995,0.017377056203700496,0.19949770567245834,0.2125984251968504,1.0994267835099314,0.15392244014558498,2.854343901792472,0.15997961552031414,0.008546729617990483,0.0944435697280046,1.1019456137978878,0.10471689785204527,0.7910293539246483,1.465210685879088,1.0,0.0,0.0,0.0
43,1,1,0.6350224823352444,0.13502248233524433,0.5309065782360742,0.531496062992126,0.779708249334427,0.22292843827154699,2.9137397791672015,0.23420681009372116,0.01113893241007698,0.21057483578494035,0.7859632636993038,0.1611456836597344,0.3001836624031556,1.2513033534773292,1.0,0.0,0.0,1.0
44,1,1,0.6310922008267168,0.13109220082671674,0.5315436335280491,0.531496062992126,0.6569144525279944,0.17565535006077204,1.631858815367206,0.2481139806654038,0.01131227868264666,0.1442279546519423,0.6517644376084228,0.09273405464594894,0.3784806673247256,0.9250689648167857,1.0,0.0,0.0,1.0
45,1,1,0.5839312168476611,0.08393121684766108,0.4098877009179711,0.43700787401574803,1.0900881408606344,0.07907628173694038,2.547359000979993,0.18836231772817918,0.008056101340323706,0.18647507880488678,1.0908947725194942,0.20444016718212457,0.35150608821518337,1.7744849007832753,1.0,0.0,0.0,1.0
46,0,0,0.43039031500939867,0.06960968499060131,0.24333151572434275,0.2677165354330709,0.7089926054995672,0.14718974977157362,1.9304884485136342,0.2312035484158239,0.0035740414435675933,0.1657987066824228,0.7056998931874452,0.11550173185093902,0.3615425858154686,1.1855820736188567,1.0,0.0,0.0,0.0
47,0,0,0.4414356739254904,0.05856432607450962,0.300960235012687,0.3228346456692913,1.0721471004790963,0.08697457846024086,2.0767120109473884,0.284377637523587,0.0053359855991944,0.11253942119563728,1.06773368435075,0.11548304727373401,0.6514080653073134,1.4499931605018435,1.0,0.0,0.0,0.0
48,1,0,0.5362043532919671,0.0362043532919671,0.45746816476183927,0.468503937007874,1.0432829789105873,0.2230175009265963,2.353175495495795,0.25333758544963286,0.009826810043459599,0.21796565102154342,1.0381059262346575,0.22835264499360422,0.36368842485206365,1.7587591756735046,1.0,0.0,0.0,0.0
49,0,0,0.43930514489562617,0.06069485510437382,0.35604512681100264,0.3779527559055118,0.9366990895495939,0.15724368761686175,2.2434795645323646,0.1875642731216832,0.008310173309076045,0.19253748456897352,0.9394280030533236,0.16416433296315858,0.5177739091977344,1.4221068495788558,1.0,0.0,0.0,0.0
50,1,0,0.5078762215147656,0.007876221514765625,0.24438533274251556,0.2677165354330709,0.9203605161858295,0.21105132227594095,1.6036895027382543,0.26982526800397355,0.007087605833788056,0.12102000229134041,0.9214897010378955,0.11133461239579757,0.4745037881925406,1.2662235930112595,1.0,0.0,0.0,0.0
51,0,1,0.490106605203351,0.009893394796649043,0.2740047420289309,0.2952755905511811,1.0879231079969731,0.227906043741552,2.547022943355495,0.15071402411049975,0.009581440197966778,0.19316190647281362,1.0886862540672384,0.21077850034282145,0.2876000409476847,1.6542771231608493,1.0,0.0,0.0,1.0
52,1,1,0.5117941033949551,0.011794103394955159,0.5016479216142478,0.531496062992126,1.143702171083797,0.10067219081345376,2.1026845371695755,0.19232107396702758,0.006647698416506337,0.1150377783018812,1.1478217977220613,0.1257931893642834,0.748112758298567,1.5270847042747833,1.0,0.0,0.0,1.0
53,1,1,0.5353902559328697,0.035390255932869694,0.4137083596869714,0.43700787401574803,0.6031196152864442,0.22583722203330636,2.5391161969739584,0.20044403758251897,0.010460498510021319,0.09456408030755067,0.6047019090568414,0.058017158125471466,0.3963308007559721,0.7876640242883561,1.0,0.0,0.0,1.0
54,0,1,0.45762776747037337,0.04237223252962664,0.4763292364169789,0.5,0.6166958098110689,0.0657969202331261,2.7263068770018264,0.2209485189933626,0.007746819217078175,0.15776320861049564,0.6170947581796259,0.09958860050713327,0.3030702137787995,0.8689580648142523,1.0,0.0,0.0,1.0
55,0,0,0.49298341475255253,0.00701658524744748,0.48116358699176537,0.5,0.9746832671295694,0.19628814997384317,2.2460557401191483,0.1840508130191918,0.00662795005373567,0.09037014129913071,0.9779435368659921,0.08882945792532804,0.7139811795071231,1.2398693079478897,1.0,0.0,0.0,0.0
56,1,1,0.828402127920558,0.32840212792055806,0.4068258721289155,0.43700787401574803,0.6817299750795618,0.15262139524255047,2.8821070447191453,0.20132553467491174,0.006810282718036581,0.14379244561425547,0.6778316947837182,0.09260848567538395,0.4059038980182131,1.0130630305700914,1.0,0.0,0.0,1.0
57,1,0,0.5094946867244299,0.009494686724429848,0.3395688195733673,0.35039370078740156,1.1195662680802307,0.06303897556670678,2.7519700415749058,0.20195495859538987,0.0033488201698184724,0.17627156729306095,1.1102089599008347,0.1963912614872794,0.6204427995594884,1.780076087451937,1.0,0.0,0.0,0.0
58,1,1,0.5859827470833696,0.08598274708336967,0.29009082109712636,0.2952755905511811,1.1412700571196077,0.11876627316571974,1.5001550413290183,0.2957326136511721,0.010704715080151417,0.19188080234701138,1.1455661145753544,0.22626059102480284,0.4578154321262865,1.7376374080010943,1.0,0.0,0.0,1.0
59,0,1,0.4546013614864298,0.045398638513570205,0.1877347606911964,0.2125984251968504,1.103971788877487,0.10611085309105642,1.8155528145454753,0.26150773846570163,0.01013843645153419,0.09695458645649417,1.1043114124374498,0.10638543949213299,0.7565597212684991,1.3897738622453182,1.0,0.0,0.0,1.0
60,1,1,0.5503458817317934,0.05034588173179345,0.27726700784142977,0.2952755905511811,0.8865474750384523,0.23206288707558653,2.2469620917974837,0.26467816806767225,0.003644589288481542,0.10047018074366289,0.8854140926577444,0.08797277907396768,0.6578661050451506,1.197785801186488,1.0,0.0,0.0,1.0
61,0,1,0.4781501171650206,0.02184988283497939,0.27848046815974825,0.2952755905511811,0.9449921568754623,0.1574529850790735,2.807779733953821,0.2882251473206259,0.009921687679346354,0.08233891301340804,0.9433990050576593,0.07731144832902768,0.7028652533150663,1.2338647372058702,1.0,0.0,0.0,1.0
62,0,0,0.43726824333899106,0.06273175666100894,0.20642302917300065,0.2125984251968504,0.6965228310244087,0.15848474716364985,2.0285205799605635,0.19982070580483946,0.009668368825403832,0.16447296719193133,0.6908499238080243,0.11000746798165154,0.4044752136006996,1.019572832196183,1.0,0.0,0.0,0.0
63,0,0,0.18508569667014502,0.314914303329855,0.45566855413101887,0.468503937007874,1.0885173156447991,0.13938608426101484,2.7140763305676567,0.1811951444242702,0.004721838631021188,0.1710501036782252,1.0903965118568018,0.17722133334668788,0.5444554392015755,1.6461133219116686,1.0,0.0,0.0,0.0
64,1,1,0.6311999448191432,0.13119994481914315,0.5229434933713404,0.531496062992126,1.1304515826523684,0.1393459601826249,2.2563162115096116,0.21487219668276264,0.00907830768431903,0.15536655665615767,1.1167057741751032,0.17902886487119157,0.5722984533086959,1.6008031023104792,1.0,0.0,0.0,1.0
65,1,1,0.7015007417192898,0.20150074171928972,0.2820556439947017,0.2952755905511811,1.0595696561392831,0.062376132632296404,2.039277345492376,0.20401642788901947,0.01076459972894784,0.14607356004846012,1.0524916132787572,0.1547725810513014,0.5222161364340746,1.4847819570301795,1.0,0.0,0.0,1.0
66,1,1,0.6373025075678594,0.13730250756785942,0.5271093409850836,0.531496062992126,0.9247687329072578,0.07660428620615131,2.021752037429505,0.294034451307301,0.009883621648915594,0.10153617513236668,0.9222539736241486,0.09712340741375339,0.5511427104939335,1.249457840464647,1.0,0.0,0.0,1.0
67,0,1,0.4851490048331907,0.014850995166809336,0.19254959362041238,0.2125984251968504,1.068490419224756,0.1933258596211916,2.02235758535359,0.2094774723275122,0.007946848962915538,0.12668802422866227,1.0791732357389732,0.12658860745435435,0.7083650949966765,1.502070908717455,1.0,0.0,0.0,1.0
68,1,1,0.5345995195061694,0.03459951950616934,0.5425348689330438,0.562992125984252,0.669261150214153,0.21852699269627157,2.343493302923022,0.1725698977245942,0.004202313745840428,0.08952502396055803,0.671118771427995,0.06012255435927675,0.4541986477870293,0.8370985453454026,1.0,0.0,0.0,1.0
69,0,0,0.3870484904580267,0.11295150954197332,0.32867534067555615,0.35039370078740156,1.0229822017788373,0.09518374262020743,2.093303056574865,0.1879961607218617,0.003890821910432332,0.10881873280730887,1.0232083043549225,0.11192708379819359,0.681875906258326,1.308187564220026,1.0,0.0,0.0,0.0
70,0,0,0.48278962040305373,0.01721037959694625,0.35786252565748555,0.3779527559055118,0.6814813650346776,0.11867776019587037,2.6277665864911777,0.2555086428199843,0.007658154988401284,0.20048776718883973,0.6742432875557027,0.13189659347394933,0.34361659257210114,1.0675040833582083,1.0,0.0,0.0,0.0
71,1,1,0.514872236178216,0.014872236178216019,0.2618405731544239,0.2677165354330709,0.8230596182113923,0.2271166296218123,2.1324369790881037,0.16093080657594558,0.0051819027813697635,0.20698812249688914,0.8216951347146966,0.1734685757615263,0.24933509550256464,1.3073516581231397,1.0,0.0,0.0,1.0
72,1,1,0.5555135383430488,0.055513538343048834,0.3709249950606489,0.3779527559055118,0.681808204630927,0.14457266299805688,1.853092270734906,0.20885688550342674,0.009928307730063743,0.13682675721687526,0.6850448119498266,0.09295631140087056,0.4450282144294398,0.9924180347383709,1.0,0.0,0.0,1.0
73,0,0,0.49109001045713535,0.008909989542864637,0.3961691836464364,0.40551181102362205,0.8842176561967223,0.21577999630982117,2.1796042911694604,0.17266559312075042,0.004992183192716642,0.092457390474843,0.8785117383251458,0.08283470966337184,0.6496213928345548,1.1561495979847731,1.0,0.0,0.0,0.0
74,0,0,0.4944157666197158,0.005584233380284169,0.18000522115893347,0.18503937007874016,0.862475557397675,0.11299587473539931,1.5329119343908642,0.2890305520962266,0.006073505756954684,0.13754906071374362,0.8582385144293158,0.1143989441377303,0.5725112039728147,1.2082028510269331,1.0,0.0,0.0,0.0
75,1,1,0.5114379490081309,0.011437949008130891,0.30500610985327337,0.3228346456692913,0.7605888986406899,0.17628878697770395,2.3527967536261896,0.2535178655628123,0.005981836811489102,0.09691185331635899,0.7642393815215284,0.07295430551568405,0.564074057432862,0.9742825208546251,1.0,0.0,0.0,1.0
76,1,0,0.5059734343815256,0.005973434381525591,0.370931977672855,0.3779527559055118,0.7244013378186699,0.1493349352971897,1.860795615545804,0.18141685539417682,0.011142145271866199,0.19104862395891858,0.7172430516462701,0.1424055255213672,0.33651420543129007,1.1798387286537932,1.0,0.0,0.0,0.0
77,1,1,0.6293850353205941,0.1293850353205941,0.49697063814249,0.5,0.7926982904929752,0.21873859906639545,2.001700214514643,0.2599947590939885,0.01073861985820175,0.11764263994091516,0.7915504013582674,0.09144980318491816,0.45769307733612374,1.026325910946877,1.0,0.0,0.0,1.0
78,1,1,0.5834757367486927,0.08347573674869273,0.2788439142886701,0.2952755905511811,0.7809799924686898,0.08071150434052683,1.5913762523242456,0.2213631663017096,0.0040747806123937235,0.09435883880307663,0.7815457901968375,0.0726220467049268,0.5695928096842462,0.9847121547041839,1.0,0.0,0.0,1.0
79,0,0,0.48733998107106896,0.012660018928931064,0.5496533179479903,0.562992125984252,1.0404476509858083,0.2121881450180741,2.124357794843016,0.1713921312811677,0.00814274943335926,0.10864768485448426,1.0435339506263934,0.10963344385354443,0.7153588427254701,1.392303450629738,1.0,0.0,0.0,0.0
80,1,1,0.538981146874885,0.038981146874884916,0.5307667170299988,0.531496062992126,0.6231487304629524,0.2252950016467869,1.6668027312464748,0.2279611234587186,0.009792916589862553,0.16272739845457732,0.622256014420684,0.10153996846086837,0.31569610923982977,0.9361870721089712,1.0,0.0,0.0,1.0
81,0,1,0.477652091876607,0.022347908123392997,0.4694346571838587,0.5,1.0450520614066983,0.20418851794544024,1.5959533789086728,0.2475287737597507,0.01077778436786718,0.1654515571759324,1.038835937889806,0.1663727610615095,0.5654661675392814,1.4757759977746752,1.0,0.0,0.0,1.0
82,0,0,0.2860663808104859,0.2139336191895141,0.3480805261644317,0.35039370078740156,0.7831720473693942,0.08999506329595369,2.3792060010266876,0.16949782773239547,0.003509556159212448,0.16290537288739243,0.7860920803074257,0.13151480691846992,0.387289406138796,1.2427728654497066,1.0,0.0,0.0,0.0
83,1,1,0.5103071389806385,0.010307138980638557,0.36543288682364383,0.3779527559055118,1.0545686090200355,0.10354679331549878,2.919571060234769,0.16550808003541173,0.004467111846311877,0.18486770647565043,1.0550159816966587,0.200555066939565,0.3755094011784015,1.671469981007766,1.0,0.0,0.0,1.0
84,0,0,0.4833684672797958,0.016631532720204185,0.5486171112705902,0.562992125984252,0.7599239230665237,0.07084895261290958,2.7255519885109862,0.22582752161847502,0.008020349733797817,0.19960650008997227,0.7503530238626006,0.1530380251721581,0.30165256252124717,1.2443955589142688,1.0,0.0,0.0,0.0
85,1,1,0.532655805277737,0.032655805277737086,0.3388012974772385,0.35039370078740156,0.6697261759869144,0.08461202682281616,2.1891952881286567,0.23791328244536808,0.01150441392130691,0.21644371239856625,0.6699822290714098,0.14713326118725784,0.18034986987861565,1.1247748979385404,1.0,0.0,0.0,1.0
86,0,0,0.36304764915250826,0.13695235084749174,0.27741632002212435,0.2952755905511811,1.0010649823853395,0.11387608719172918,2.5193486460872707,0.23609247661432298,0.003644082347798128,0.19664852032813065,1.00896068063067,0.193083216449181,0.4420273344850819,1.5393195846800967,1.0,0.0,0.0,0.0
87,0,0,0.2769868636995215,0.22301313630047845,0.2491997141120108,0.2677165354330709,1.0147148184767647,0.15957575359147472,2.539509429002284,0.27408562274822834,0.011883901507015189,0.19564105515075408,1.0114978441503226,0.1985685054442181,0.5116367952487504,1.6052310797654283,1.0,0.0,0.0,0.0
88,0,0,0.33989338250460077,0.16010661749539923,0.44734745208339777,0.468503937007874,0.6067917944747316,0.1796887188745253,1.629083970730089,0.24165572036572336,0.009743364158824794,0.2143756674257573,0.6101288400659195,0.12378772162500443,0.1516979486186829,1.0004890987395498,1.0,0.0,0.0,0.0
89,0,1,0.48967844182694614,0.01032155817305387,0.3784566673863238,0.3779527559055118,0.6870841882996118,0.09759787811630943,2.6593144256891628,0.23452590451000402,0.009610884356919243,0.18172537873891198,0.6895962095302647,0.12351577978811945,0.36811025607782955,1.1567137460045158,1.0,0.0,0.0,1.0
90,1,0,0.5068741805868447,0.0068741805868447,0.4376110351252669,0.43700787401574803,1.1384284083081628,0.17637231012917876,2.2733901589215617,0.22517937604434926,0.009444158573573645,0.10708812876786034,1.1388069755516443,0.1174953144557666,0.6884202963504797,1.5248636561581839,1.0,0.0,0.0,0.0
91,0,0,0.45165774212467047,0.04834225787532955,0.182661805799465,0.18503937007874016,0.697132997755234,0.06379949463710387,2.2301788694809908,0.1606694860264183,0.011733726212340218,0.14338584353364026,0.7006288133812102,0.10239247563080388,0.39661246242813936,1.0231188448407267,1.0,0.0,0.0,0.0
92,0,0,0.4426310204299418,0.05736897957005823,0.47992651769527,0.5,0.6944191415031374,0.1732678347313484,2.3498413423855613,0.15986833256808372,0.006782547312376582,0.17729108102661265,0.6993743177772979,0.12791607864651874,0.2320886134251995,1.043518360885597,1.0,0.0,0.0,0.0
93,0,0,0.40042625554495076,0.09957374445504923,0.20254067320528063,0.2125984251968504,0.9724711986397586,0.10562980562705596,2.0000697041388174,0.2105253924716274,0.007374597400156276,0.18087611381638408,0.976162613662019,0.17046467423832967,0.3963847883035871,1.5021615307567833,1.0,0.0,0.0,0.0
94,0,0,0.47043132286796663,0.029568677132033375,0.36802795544216554,0.3779527559055118,0.6527038165150589,0.0956050254785814,2.800687928853052,0.2538523572605371,0.008064533153488485,0.08239476613963283,0.6450802726161098,0.05345859281820148,0.4867686453140432,0.8148127693048559,1.0,0.0,0.0,0.0
95,1,1,0.5080866442139339,0.008086644213933904,0.5296069382624122,0.531496062992126,0.7143388426485646,0.20458415327282198,1.7803428545909363,0.17762608375302774,0.007425940393560279,0.21124763081385,0.7233503162798945,0.14680416381270123,0.2266932012327428,1.139270476498108,1.0,0.0,0.0,1.0
96,0,0,0.4858643289299841,0.014135671070015883,0.18258803467142468,0.18503937007874016,1.04972036338371,0.18490649816814517,1.7559180400647876,0.27577969459788215,0.006125322082755298,0.09889558406825892,1.0498565322163251,0.10175201737187392,0.728970996774978,1.3314249845465862,1.0,0.0,0.0,0.0
97,0,0,0.43248438491919794,0.06751561508080203,0.2448744638107825,0.2677165354330709,1.1205442162414765,0.062363609708034194,2.6960705773425424,0.19049423705367782,0.00698004342804242,0.1516836071827483,1.121561780385867,0.166982616446873,0.603479222561002,1.6658249797394102,1.0,0.0,0.0,0.0
98,1,1,0.5193753154191596,0.019375315419159576,0.19978846985216706,0.2125984251968504,1.1394938730375275,0.19810331281535806,2.859787196469373,0.22606522077340452,0.007846839732470287,0.17970755460088217,1.1447203676912716,0.19106225511804723,0.5653834955916411,1.7506779908167354,1.0,0.0,0.0,1.0
99,1,1,0.8275347149109683,0.3275347149109683,0.4062708728902631,0.40551181102362205,0.9242204841562852,0.20569492947054485,2.759258999376437,0.2881663085379982,0.010909416124505297,0.20764618643963312,0.9203652265742068,0.18497586843418723,0.424746116226974,1.4859317476233105,1.0,0.0,0.0,1.0
100,0,0,0.39467411704942995,0.10532588295057006,0.37052644953578817,0.3779527559055118,0.9605008146636529,0.20306741879061574,2.0221741064460286,0.2895328396169785,0.010513492030482945,0.10756155284814226,0.9587137176694123,0.10607441612061369,0.5681652557762092,1.2192902363515263,1.0,0.0,0.0,0.0
101,0,0,0.48252732358518474,0.017472676414815248,0.4973755520222193,0.5,0.6028321400253167,0.13889460432303297,1.9145723569719448,0.2503399230953849,0.008887037062033101,0.10977177417867173,0.6052871865799039,0.06563265932651652,0.4268185114373809,0.762380064849191,1.0,0.0,0.0,0.0
102,0,0,0.46730414884265553,0.032695851157344455,0.4318407877472628,0.43700787401574803,0.7364924677322889,0.08732039456119121,2.4939471971186524,0.29858305996398393,0.011341733491929028,0.1751078095698902,0.7339417742702107,0.12856685946412547,0.3523464399774044,1.1349562797017274,1.0,0.0,0.0,0.0
103,0,0,0.4463767088595908,0.053623291140409174,0.26367594475883865,0.2677165354330709,0.7750229124174142,0.07849514426246491,2.576727732421115,0.29708598272296144,0.01012627309565244,0.15299445536777925,0.7793700376976386,0.11526057171560973,0.43325956207747,1.2426852889621367,1.0,0.0,0.0,0.0
104,1,1,0.5051613025129328,0.005161302512932755,0.4382269521084974,0.468503937007874,0.9695365750602337,0.2383672018845869,2.2372992254078268,0.26497394204846564,0.008159315773321123,0.21430010694594942,0.9547590736612501,0.20816686022754258,0.35206901323573764,1.5345366409802892,1.0,0.0,0.0,1.0
105,0,0,0.33306495303709627,0.16693504696290376,0.26703445154661015,0.2677165354330709,0.6967449996107786,0.12930197812572594,1.522669275784891,0.22302118031075022,0.006768677582638648,0.15587704893003107,0.692438763220129,0.10457648159526099,0.373150136427671,0.9950256940548418,1.0,0.0,0.0,0.0
106,1,1,0.5443782172355623,0.044378217235562324,0.4382343195515506,0.468503937007874,0.931672900001094,0.14598271213268782,2.093848924762362,0.19318713951678926,0.00891281888105537,0.08549468088362777,0.9334287599267354,0.07904489584766185,0.7111580746385316,1.1671794266978288,1.0,0.0,0.0,1.0
107,0,0,0.4801768150092325,0.01982318499076754,0.3632908914798135,0.3779527559055118,0.7567011875856063,0.12424810324142249,1.6056135746799813,0.21634446122583978,0.010687301352082349,0.15517385452877097,0.7572423589622914,0.1174346221443643,0.3860954306223245,1.0917706221304895,1.0,0.0,0.0,0.0
108,0,1,0.4906692767552014,0.00933072324479863,0.29547503734183306,0.2952755905511811,0.6856820902514064,0.17513126758078573,2.6646673548022743,0.15792120578335286,0.009156124202091897,0.19976224582794422,0.6921448388747324,0.13794149420970298,0.2904931740970808,1.0746927837766012,1.0,0.0,0.0,1.0
109,0,0,0.3330696252246352,0.16693037477536482,0.48741119356761636,0.5,1.1478481800962965,0.22156187209391068,1.8026407746368704,0.19568864160339366,0.007288395556067805,0.11062387244686553,1.1550340030816857,0.12659676727392896,0.8093372990052776,1.5016701803988035,1.0,0.0,0.0,0.0
110,1,1,0.5253087254315995,0.025308725431599493,0.5051894755977566,0.531496062992126,0.6691312109691936,0.07517918617148935,2.9133612639467428,0.17431823924703105,0.00854783262972851,0.13731755351621527,0.6681178801385819,0.0856579165350241,0.4370234940272397,0.9034262497224351,1.0,0.0,0.0,1.0
111,0,1,0.47058095505118863,0.029419044948811382,0.5465576717269784,0.562992125984252,0.8965832048386501,0.23575322480439673,1.786106125944615,0.1587040225203073,0.004219131604584501,0.09053354008878241,0.8949629471911886,0.07987660240553526,0.6958121554499374,1.2031435808155826,1.0,0.0,0.0,1.0
112,1,1,0.6060259446879646,0.10602594468796456,0.27428197078245925,0.2952755905511811,0.8957302192810161,0.09189210965449088,1.903173753854495,0.18320323010654863,0.009902499213800844,0.18986831573313367,0.8792596884969076,0.17383084438521457,0.3764624168478167,1.3359972628770234,1.0,0.0,0.0,1.0
113,1,1,0.5511281189194969,0.051128118919496826,0.39531213285262,0.40551181102362205,0.9111485840309614,0.09415683977416864,1.9386624912102797,0.193992416112286,0.01053710949115223,0.2055829608769177,0.9116598635329463,0.1889282214837882,0.2884762736595826,1.4783381255227996,1.0,0.0,0.0,1.0
114,1,1,0.626068969016879,0.12606896901687908,0.21821872090887415,0.24015748031496062,0.9284116197268645,0.1833617015342791,2.2093886461456522,0.2038847611015961,0.007417911233545894,0.21914165588870538,0.9314156900995175,0.21079195335542222,0.33562103978132873,1.656244711890327,1.0,0.0,0.0,1.0
115,1,1,0.5117359541464341,0.011735954146434184,0.4838288222481251,0.5,0.7624079181365131,0.2124374445638934,2.336942463112578,0.22971725641010443,0.010249382090408505,0.2041410766631752,0.7592465140714425,0.15727996518206155,0.2811249222177508,1.2098160408086227,1.0,0.0,0.0,1.0
116,1,1,0.5114941946593731,0.011494194659373038,0.24938826363450373,0.2677165354330709,0.9657284292952515,0.23045374499733645,2.44800036450856,0.16098257695811777,0.010761935718542037,0.17686217235949855,0.9703662136680183,0.17145891273931718,0.5059496685316307,1.619453067463346,1.0,0.0,0.0,1.0
117,1,1,0.5364088163175474,0.036408816317547436,0.19190842276208572,0.2125984251968504,0.8453936748744115,0.2223431214072253,1.9222080557501822,0.24093346860207704,0.005990477795256165,0.09298453700240027,0.8466780805157931,0.07766221541750787,0.5528768339914906,1.0698675378636255,1.0,0.0,0.0,1.0
118,0,0,0.493853372209288,0.006146627790712038,0.3684336604071183,0.3779527559055118,0.806460844493512,0.20390542596950886,2.7489770881845152,0.15229294318752182,0.0037324500099183734,0.13152474904967448,0.7965770602683523,0.10491247864789525,0.5345700681642682,1.1570920587290765,1.0,0.0,0.0,0.0
119,0,0,0.4515312593410672,0.04846874065893282,0.28368359804217425,0.2952755905511811,1.1054103682964525,0.1663876057593946,2.139004803797456,0.16908316096902873,0.00994778152678676,0.08637919638624181,1.0993894669200512,0.0972666356346126,0.8424339232141804,1.3521913442480749,1.0,0.0,0.0,0.0
120,1,0,0.5076895049859252,0.0076895049859252275,0.4053376287807663,0.40551181102362205,0.6805669213450662,0.21700488396658635,2.801757347578311,0.287364351040971,0.008831847302322162,0.1394732157145982,0.682576821159967,0.09532715827973895,0.38580642606860577,1.0048465814023435,1.0,0.0,0.0,0.0
121,1,0,0.5150810999723656,0.01508109997236566,0.3886565717146281,0.40551181102362205,0.6112598256342292,0.14838970315054908,2.431565086900192,0.27605512440716584,0.003994857645901755,0.1719462603694239,0.6073563453459362,0.11071221334096097,0.26554551699097195,0.9285351180886762,1.0,0.0,0.0,0.0
122,0,0,0.49201604405899196,0.00798395594100803,0.45441947464754373,0.468503937007874,0.8911465864515422,0.13812849101812635,1.5097740494231733,0.22671845211919112,0.0070083735034277735,0.1984192884413904,0.8943082067975104,0.17336347745736214,0.41223208242659204,1.398317248708954,1.0,0.0,0.0,0.0
123,0,1,0.492226586673335,0.007773413326665001,0.4346377376484127,0.43700787401574803,1.0407695566068351,0.17309573708262593,2.124014344472049,0.28179915218277896,0.0044043576230598045,0.08327125964037561,1.0452274446205454,0.0872080311870554,0.7738396703349638,1.3123431208997418,1.0,0.0,0.0,1.0
124,1,0,0.5105910033726497,0.01059100337264972,0.4295581203725589,0.43700787401574803,0.9455258235310859,0.17842058361376872,1.7684464506597153,0.16621479561023664,0.0032564249993035305,0.16386496449409865,0.9441219441568939,0.15516840835901866,0.48762947402128276,1.341136482488692,1.0,0.0,0.0,0.0
125,1,1,0.5255518842139757,0.02555188421397568,0.420843852848647,0.43700787401574803,0.6697598873630878,0.2051409278591697,2.598438176096573,0.18744990760571603,0.009967766333178127,0.196345903528486,0.6763922700640905,0.13078673870222118,0.1879135605655257,1.1260534262032613,1.0,0.0,0.0,1.0
126,1,0,0.506979883500906,0.006979883500905948,0.2728907631019649,0.2952755905511811,0.7713568536073072,0.1596875790922988,2.86895645158085,0.2500163423677388,0.006106470657610228,0.210840154022381,0.7717421477618303,0.16701825087405217,0.34569442936950023,1.2376565571783247,1.0,0.0,0.0,0.0
127,0,0,0.2273172045715655,0.2726827954284345,0.2525812405805223,0.2677165354330709,0.8243616977704813,0.22180573538785225,2.687867620238613,0.20874428870289444,0.005127628013873007,0.1939138488850034,0.8324033912136174,0.16078156316760273,0.39611483743361725,1.4234258856714213,1.0,0.0,0.0,0.0
128,1,1,0.5773307599850044,0.07733075998500437,0.355087092627095,0.3779527559055118,0.6104819450634523,0.2343436336757879,1.8941289082631694,0.29500678609810893,0.0031419694713141007,0.14841449676681684,0.608947168362105,0.08958529886795667,0.33804031883669516,0.8797720849099879,1.0,0.0,0.0,1.0
129,1,0,0.5051332210648061,0.005133221064806108,0.2784756497104813,0.2952755905511811,1.1110222942042514,0.1313167185271261,2.1723256943244587,0.25414120789871475,0.008463131108009815,0.16441299928583347,1.1263827202030576,0.19711763166556512,0.3525343637423796,1.7019154597720512,1.0,0.0,0.0,0.0
130,0,0,0.30916778917015597,0.19083221082984406,0.26620311993061624,0.2677165354330709,0.6086797688354639,0.21582468149441134,2.341317591883461,0.26502962522797063,0.010965531967128885,0.1054133866505406,0.6085492683763558,0.0634764504147068,0.4051323229015846,0.7710170101474118,1.0,0.0,0.0,0.0
131,1,1,0.5372782854171438,0.03727828541714384,0.1975522524884178,0.2125984251968504,0.6416084341989161,0.18078247198923608,2.9105213249932573,0.1679258095952166,0.009291625426367972,0.17528566657590275,0.643877595791023,0.11374434052543757,0.27213660302136594,0.9618788839497674,1.0,0.0,0.0,1.0
132,0,0,0.48057995129131925,0.01942004870868076,0.2938460239445102,0.2952755905511811,1.0005417198338185,0.20776599640619633,2.011296946423122,0.1968973881497866,0.00936872026625193,0.17219169587511257,0.9917282866434531,0.175648104009106,0.41173912823844255,1.5550031594929523,1.0,0.0,0.0,0.0
133,1,1,0.5397111544085218,0.03971115440852176,0.39415845893769974,0.40551181102362205,0.8141278867836984,0.13780338646100204,1.7744381232981437,0.19400499187490536,0.0060075510049204615,0.20657722945106793,0.8128593519336635,0.16786180201863896,0.22473471221890368,1.2775396826971606,1.0,0.0,0.0,1.0
134,1,1,0.6332479507441887,0.13324795074418874,0.22768974791509494,0.24015748031496062,0.7802249138681794,0.22612366764108985,2.5193804431551614,0.2917293074144156,0.011930588225634614,0.15624896907179092,0.7756277457631564,0.12237826445917796,0.4327535645468904,1.0740560730208568,1.0,0.0,0.0,1.0
135,0,1,0.47821701390078064,0.02178298609921938,0.4168685194303825,0.43700787401574803,0.952464411877705,0.15377783134509326,1.7070351413732188,0.2195326920475136,0.009218381050917927,0.0980307508604409,0.9486827146113261,0.09256737930275027,0.7027273079971196,1.1762974914127353,1.0,0.0,0.0,1.0
136,1,0,0.5136818442554918,0.01368184425549181,0.2173581033873625,0.24015748031496062,0.6222972295775479,0.14302777061308103,2.94555091395409,0.247478589140579,0.0055987812868857015,0.11534502703674898,0.6209720451600471,0.07456187939874234,0.40728835042992073,0.8524783212938581,1.0,0.0,0.0,0.0
137,1,0,0.538546146288553,0.03854614628855296,0.24915161688669854,0.2677165354330709,1.079592047237611,0.13046922702770147,2.689023380432841,0.19426486312991084,0.0034697888507256285,0.1400882571991339,1.0691406569104887,0.1508304700283961,0.6700951692664433,1.5079671660015064,1.0,0.0,0.0,0.0
138,0,0,0.4255316554393878,0.0744683445606122,0.2964699279968619,0.3228346456692913,0.8772265258008711,0.15748719072457884,2.5627181161857813,0.29197665613977397,0.007678375923428214,0.19760389386045263,0.8778203142948623,0.1622688904131139,0.34453808627095295,1.388601111792292,1.0,0.0,0.0,0.0
139,0,0,0.4324855609324566,0.0675144390675434,0.19056027945319912,0.2125984251968504,0.8345334649888517,0.07864525647882861,1.8718028612885025,0.2533282672928754,0.00998831761591475,0.09436076561529247,0.8313774389706191,0.0771609079628814,0.6062724837161674,1.0615070847125037,1.0,0.0,0.0,0.0
140,1,1,0.5647449118871241,0.06474491188712402,0.5267838987516797,0.531496062992126,0.7313496197512689,0.13044431273733856,1.8727887318410752,0.25938789938314477,0.011656892800533749,0.10350226201034257,0.7187832595589172,0.0739973688074041,0.48464106132697776,0.9959879127613662,1.0,0.0,0.0,1.0
141,0,0,0.16760648432648334,0.33239351567351666,0.4093653807891243,0.43700787401574803,1.0811745968576059,0.22516077623167388,2.803712776491964,0.2001717650959523,0.00913814972582775,0.16907769954751065,1.0795433777015349,0.18309172421720296,0.4426188147754871,1.5954320670340003,1.0,0.0,0.0,0.0
142,0,0,0.4245862430469597,0.0754137569530403,0.18801854863748718,0.2125984251968504,0.8746770743136731,0.182049291772022,2.326947706181336,0.24712962825178508,0.01094080016743193,0.18569410328158012,0.8764451570463943,0.15430447003939557,0.4278388491986876,1.2788760792079712,1.0,0.0,0.0,0.0
143,0,0,0.4639113268400001,0.036088673159999925,0.302497918417799,0.3228346456692913,1.0257031385407305,0.1333172228135568,2.109745043530702,0.1957196875254899,0.0082082833011859,0.1722125675064846,1.040978274515756,0.17294799733997793,0.45983566358976635,1.581470041265461,1.0,0.0,0.0,0.0
144,1,1,0.8044411345072742,0.3044411345072742,0.2038896266632019,0.2125984251968504,0.9052871488042715,0.0834714185666603,1.9761739228833937,0.262016158741949,0.006540877002046184,0.09582760300558554,0.9035632422797043,0.0869556563143006,0.6004068239951552,1.096001237045387,1.0,0.0,0.0,1.0
145,1,1,0.5313780427250039,0.03137804272500387,0.18820484190660813,0.2125984251968504,1.1219293942556035,0.2252191182001177,1.662092353327685,0.17376721355936647,0.011521353228832118,0.13238872207213626,1.1247702833422168,0.15636874074474968,0.673497199942894,1.6256796231429533,1.0,0.0,0.0,1.0
146,1,1,0.7896020863083294,0.2896020863083294,0.5300252770796091,0.531496062992126,1.0631363258075575,0.16808749754475322,1.944144931201942,0.1939819908775569,0.005948586155486901,0.10857717206398992,1.0646264522554816,0.11294663770106349,0.7104631258708802,1.3658234068642916,1.0,0.0,0.0,1.0
147,1,1,0.5519135346212797,0.05191353462127968,0.5234203287488333,0.531496062992126,0.7596829440753734,0.07662853231555823,1.5864997182180034,0.16969285786250463,0.00926399053075545,0.19136055333984636,0.760968096605175,0.14511238502205334,0.30882958872136435,1.136126360117494,1.0,0.0,0.0,1.0
148,0,0,0.45469533569159837,0.045304664308401604,0.49322939845851543,0.5,0.701001549082356,0.15230284280224426,1.6504982666865984,0.21394571535881834,0.01078786970290192,0.20261493138330955,0.6945584833081824,0.14765067317421454,0.2611532162149822,1.1343643389737934,1.0,0.0,0.0,0.0
149,0,1,0.45372093050958295,0.04627906949041702,0.3399636212825823,0.35039370078740156,1.0282472839814296,0.20278105485541922,2.7707191506398337,0.29204317787528034,0.009469765598842852,0.08456976406257462,1.032341308290024,0.08909242161279143,0.7797645266304983,1.2894715623404724,1.0,0.0,0.0,1.0
150,0,0,0.4388006232731452,0.06119937672685484,0.35361242592366227,0.3779527559055118,0.6179937793357417,0.09088428732946423,2.781829885220954,0.20781502007281327,0.008725186969408778,0.14958479386715104,0.6168410894583123,0.09492694587145077,0.3320427507719397,0.8927298228422037,1.0,0.0,0.0,0.0
151,1,1,0.569294530087912,0.06929453008791198,0.38144399823134567,0.40551181102362205,0.9978585158378444,0.13512986004475078,2.5131485438055385,0.16532834377444425,0.005993918997452357,0.10957841680199229,0.9983104062502115,0.10944122196309859,0.6975583549368819,1.3757265230992384,1.0,0.0,0.0,1.0
152,1,1,0.8396230595344369,0.3396230595344369,0.5336714210545419,0.562992125984252,0.6864970784983697,0.20742169109800887,1.7817839018526895,0.2503059336804551,0.003772759308269605,0.1388776740423641,0.6887918821453622,0.09271407922511421,0.4459009734330485,0.9384094072373603,1.0,0.0,0.0,1.0
153,1,1,0.5072322537353422,0.007232253735342208,0.3059986544884449,0.3228346456692913,0.7068043486755646,0.18554139810880854,2.4706804162894613,0.17052790488945285,0.011807939129072086,0.1991486679535382,0.7045811153524821,0.14225045366349365,0.2961547687369827,1.1699080101686807,1.0,0.0,0.0,1.0
154,0,0,0.46717934521364324,0.03282065478635676,0.36762455783603454,0.3779527559055118,0.9471569562278526,0.1451055806384125,1.9993505958836109,0.22255963089555236,0.008631288106432308,0.12927112209614558,0.9460294938190397,0.1179467524649412,0.6341665376693919,1.2661762972745723,1.0,0.0,0.0,0.0
155,0,0,0.44857613170628396,0.05142386829371605,0.23095841885739746,0.24015748031496062,0.6267032067046512,0.2049549846454025,1.8155762158687903,0.2313922255433334,0.0037979848513931863,0.11670778054630299,0.6268324790583506,0.07602442396168943,0.42269125522433315,0.8513296911565549,1.0,0.0,0.0,0.0
156,1,1,0.6157558840396273,0.11575588403962739,0.3883983872273642,0.40551181102362205,0.8594889373880481,0.19090377184062388,2.2045854906991496,0.29386417489216643,0.006304361642844484,0.1201393423882952,0.8610145844058824,0.1036540231551422,0.517983200582289,1.1954085384224267,1.0,0.0,0.0,1.0
157,0,0,0.4779955296791364,0.022004470320863598,0.2981014676752727,0.3228346456692913,1.0133377836247586,0.07050379428122183,2.321381926581126,0.21405526006361825,0.01094189024162073,0.181346637654628,1.029352821081711,0.1726004755116991,0.5785312088051485,1.5183283858177068,1.0,0.0,0.0,0.0
158,0,0,0.23860816016083164,0.26139183983916836,0.48479709350134226,0.5,0.6154879915055541,0.16925483864292337,2.520866185619801,0.2617701784599531,0.006186443958609212,0.15971561260303851,0.6174186066941926,0.09888752733604511,0.2992543784261705,0.9359132140212901,1.0,0.0,0.0,0.0
159,1,1,0.7617826584228816,0.2617826584228816,0.35678298233359623,0.3779527559055118,1.134807158238289,0.07305663808207843,2.1241212775499108,0.23426775524360602,0.0036083710042707487,0.1753037292710858,1.1286771597064293,0.1981877939334455,0.6472341177413881,1.768628785529,1.0,0.0,0.0,1.0
